Y,X1,X2,X3,X4,X5,X6
1,1,-0.382391923,3,1,1.485452832,10
1,1,1.701467473,3,1,1.068899633,9
1,1,-0.335156957,4,0,1.422827638,8
1,1,-0.982257677,4,1,1.647779629,7
1,1,0.750322528,4,0,1.677254633,7
1,1,1.722063243,4,1,1.007776942,9
1,1,-0.342361336,3,1,0.713948405,9
1,1,-0.062626342,4,0,0.826014578,10
1,1,1.129382608,3,1,1.589152578,10
1,1,0.313846397,3,1,1.882769545,9
1,1,-1.817633745,4,0,0.709579206,10
1,1,-1.779044062,4,1,1.14233203,8
1,1,-0.127080503,4,0,1.139048805,10
1,0,-0.587447658,3,0,1.120956601,9
1,1,-0.711550824,4,1,1.10020877,9
1,1,0.358542377,3,0,1.283148117,7
1,1,0.585317042,4,1,0.871754878,9
1,1,0.668758987,4,0,1.506760159,10
1,1,-0.26667332,4,0,1.145547461,9
1,1,-1.062752847,4,1,1.288206011,10
1,1,0.132148868,4,1,0.525503711,10
1,1,1.140399112,4,0,0.430473486,10
1,1,0.432253919,4,0,0.99255461,9
1,1,-0.402262523,3,1,1.8799446,9
1,1,0.756574554,4,1,1.318097331,8
1,1,-0.609473452,2,0,0.769029083,8
1,1,-0.943282381,4,0,0.661763035,9
1,1,-0.192390052,4,0,1.2723942,8
1,1,-0.284922748,4,1,0.926301849,10
1,1,0.698881686,4,0,1.210894414,8
1,1,-1.403695742,3,1,1.569518317,10
1,1,1.977463822,3,1,1.012857077,9
1,0,1.273049004,4,0,0.64945283,10
1,1,-1.12780917,3,0,0.790532832,9
1,1,-1.177569043,4,1,1.402007074,8
1,0,-0.223543254,2,0,0.528058903,10
1,1,-0.175971049,4,1,1.186442291,10
1,1,0.488610367,4,0,0.442809757,7
1,1,1.19331202,4,1,1.044086324,9
1,1,-0.523664051,3,0,1.267040384,10
1,0,0.957727841,4,1,0.60997468,10
1,1,0.623081968,3,1,0.474945727,7
1,0,2.292161998,4,1,0.891262092,8
1,1,-0.643865654,3,1,1.064991235,9
1,1,-0.318394943,4,1,1.46806231,8
1,1,0.208821001,4,1,1.575951728,10
1,1,1.154979764,3,0,1.173042301,10
1,1,-0.527578202,4,0,1.743570853,10
1,1,-0.822948404,3,1,0.936813062,10
1,1,-0.515835983,4,0,1.180094893,10
1,0,-0.690064391,4,1,1.868389137,10
1,1,1.890886887,4,1,0.613141587,7
1,1,0.105589202,3,0,0.307204847,9
1,1,-0.25853269,4,0,1.071911888,9
1,1,-0.836034395,4,1,0.848287926,6
1,1,-0.524529891,4,1,0.40690486,10
1,1,-0.070918814,3,0,1.325611349,8
1,1,-0.837472436,3,1,0.770089701,10
1,1,-0.855121042,4,0,1.057527313,9
1,1,0.531345392,4,1,0.673063526,8
1,1,-1.032790531,3,0,0.840543855,9
1,1,-0.058225275,4,0,1.056504367,8
1,1,1.566742009,3,1,0.918820998,9
1,1,2.019203101,4,0,0.530286765,8
1,1,-0.863925769,4,0,1.417397631,9
1,1,0.547766677,3,0,1.974839006,9
1,1,-0.104230089,4,1,0.587280025,8
1,1,0.536694318,4,0,1.409264872,9
1,1,-1.021925651,3,1,0.874155044,9
1,0,0.532201991,4,0,1.31810702,10
1,1,0.455092845,3,1,0.470564945,10
1,1,-1.348458069,4,1,0.457467858,6
1,1,-1.234044765,4,1,1.151378498,8
1,1,0.677363986,3,1,1.625400007,9
1,1,-0.758874768,3,1,1.143516496,9
1,1,1.728873655,4,1,1.067289759,10
1,1,1.497189954,4,0,0.359793465,9
1,1,0.315838152,4,0,0.609511746,10
1,1,-0.453152838,3,0,-0.179489186,9
1,1,0.945646207,3,0,0.791640881,8
1,1,0.214077054,4,0,0.933152608,8
1,1,0.95940265,2,1,1.183462096,8
1,1,0.424730846,4,0,1.019110284,9
1,1,-0.979781686,3,0,0.991697258,10
1,1,0.106545147,4,0,1.316172135,10
1,1,0.42391544,3,1,-0.000584915,7
1,1,0.563228324,4,1,0.502452529,9
1,1,0.958469629,4,0,2.339663863,10
1,1,-0.068890897,3,0,1.036271294,10
1,1,-0.227560195,4,0,1.133239507,9
1,1,1.049072333,4,0,0.789912489,9
1,1,0.720427245,3,1,1.78576214,8
1,1,-0.808854563,3,1,0.999100646,10
1,1,-0.674692322,3,0,1.229699867,8
1,1,-0.063352643,4,0,0.396402576,8
1,1,0.758629224,4,1,0.668751691,8
1,1,-0.525577954,4,0,1.368458176,10
1,1,-1.325226202,3,1,1.192648406,9
1,1,-0.284252845,4,0,0.385608115,9
1,1,-0.351988878,3,0,1.61338644,9
1,1,0.663385325,3,1,0.581657709,10
1,1,0.086601807,4,1,0.701509432,9
1,1,0.096023643,4,1,1.330828555,9
1,1,1.514057691,4,1,1.014191552,8
1,1,1.614653881,4,0,-0.025789564,10
1,0,-0.738531496,4,0,0.881175176,10
1,1,-0.578426916,4,0,1.117297359,8
1,0,-0.784314059,4,1,0.694878233,8
1,1,-0.391801403,4,1,1.312089488,9
1,0,-0.523621389,4,0,1.24907116,9
1,1,0.309973515,4,1,0.48258437,9
1,1,1.416449419,4,0,0.613231964,10
1,1,0.124117413,4,0,1.405178943,8
1,1,-0.205269591,4,0,0.465760538,8
1,1,1.532752593,3,0,0.823566008,9
1,1,-0.179661258,2,1,1.27958215,9
1,0,0.011560595,4,1,0.987837906,9
1,1,1.179842793,4,0,0.858794159,10
1,1,-2.038288785,4,1,1.243533876,10
1,1,-0.214633007,3,1,1.207565885,8
1,1,-0.490089137,3,1,0.618734345,8
1,1,-0.633064653,4,1,0.963188744,10
1,1,-0.986169565,3,0,1.041134443,9
1,1,1.18735024,4,1,1.044918848,10
1,1,0.450829408,2,1,1.168940962,10
1,1,-0.921985581,4,1,1.210574855,8
1,1,-0.4703055,3,0,0.59641235,9
1,1,-0.610571014,4,1,-0.04458374,8
1,1,0.659533012,4,1,1.01444957,9
1,1,-0.220365492,3,1,0.570181388,8
1,1,-0.713581613,3,0,1.198598821,9
1,1,0.330286476,3,1,0.750053289,9
1,1,0.192056257,3,0,0.77719122,10
1,1,0.14830513,4,1,1.903310003,10
1,1,0.179608557,4,1,0.21317976,8
1,1,-1.271523374,4,1,0.598878706,9
1,1,0.570033039,4,0,1.307709522,10
1,1,-0.082704734,4,1,1.062594551,9
1,0,0.673764417,3,1,1.517631438,9
1,1,0.778158387,4,0,0.836389866,9
1,1,-0.161887955,4,0,1.44664313,9
1,1,-1.555348649,4,1,1.214265068,10
1,1,0.295490216,4,1,0.955513257,8
1,1,0.958538041,4,1,-0.038877119,10
1,1,-0.029901489,4,1,0.742532127,9
1,1,-0.975630922,3,0,0.725902566,9
1,1,-1.123332292,4,1,1.624853478,9
1,1,0.472582812,4,1,1.198537616,8
1,1,0.325674177,4,0,1.54736633,10
1,1,0.684790734,4,0,1.353876953,9
1,0,1.095286303,4,1,0.505416012,9
1,1,0.134919771,3,1,1.807523892,8
1,1,-0.741756391,4,0,1.023175587,9
1,1,0.679998855,4,0,1.067220048,10
1,1,0.853220913,4,0,1.492558468,9
1,1,0.248579911,4,0,0.64416916,8
1,1,0.880231182,3,0,2.025277596,9
1,1,-0.741653853,3,1,1.15217026,10
1,1,0.789491316,4,0,0.971814758,9
1,1,1.423921971,4,0,0.740851767,9
1,1,0.49096097,4,0,1.782926981,9
1,1,0.474405106,4,1,1.447036642,9
1,1,0.265185561,4,1,0.915164084,8
1,1,-0.838773741,4,0,1.33614632,10
1,1,0.055713963,4,0,1.511357397,10
1,1,-0.610362336,4,0,1.428571836,8
1,1,2.359256043,3,0,0.296298945,9
1,1,-1.472761874,4,0,0.209727671,9
1,1,0.053725223,4,1,0.814109235,9
1,1,-1.336041329,4,0,1.479891311,10
1,1,-0.255498278,4,1,0.977806108,8
1,1,0.971288871,4,0,1.412231178,9
1,1,0.137119893,4,1,0.904060404,8
1,1,-1.286152529,4,0,1.081391233,9
1,1,-0.241502748,4,1,1.346982804,9
1,1,-0.703089751,4,0,1.158299946,8
1,0,-0.83247049,3,0,0.334800859,9
1,1,-1.986384636,4,0,1.216962135,8
1,1,0.060932526,4,1,1.182384441,9
1,1,0.923128111,3,1,1.145824406,10
1,1,-0.893320559,4,0,0.561674115,10
1,1,0.664407888,4,1,0.533917024,6
1,1,-1.260213005,4,0,1.474475807,10
1,1,0.215148002,4,1,0.837866703,9
1,1,1.285316124,4,1,0.177962634,8
1,1,0.351589414,4,1,1.272946199,9
1,1,-1.172626864,4,0,0.618394162,9
1,1,0.245053991,3,1,0.527502731,9
1,1,0.178233099,4,0,0.742501305,10
1,1,1.09334248,4,1,-0.268224344,9
1,0,-0.79327337,4,0,0.839804362,10
1,1,-0.318794363,3,0,0.674382675,9
1,1,2.05100452,4,0,0.814217188,9
1,1,-0.934799424,3,0,0.805125334,8
1,1,1.082326535,4,1,1.205365679,8
1,1,0.009367809,4,1,1.069369618,8
1,1,0.148331427,4,0,0.971026871,10
1,1,-1.752974416,4,0,1.128729879,9
1,0,0.785650864,3,0,0.163991974,9
1,1,0.198185817,2,0,1.754361943,9
1,1,0.563682191,3,1,0.962661467,9
1,1,-0.811967041,4,1,0.284951331,9
1,1,-0.080247561,4,1,0.55039373,10
1,1,-0.218346696,4,1,1.432209789,9
1,1,-0.56358293,4,1,0.767115309,9
1,1,-2.149859022,3,0,0.992664274,8
1,1,0.39660058,4,1,0.282147014,10
1,1,-1.374501129,4,0,1.651589173,9
1,0,-0.331306093,4,1,1.016223163,9
1,1,-1.060049271,4,0,1.836247652,8
1,1,1.721117102,3,0,1.171323764,10
1,0,1.558138423,4,0,1.349234385,9
1,0,-1.681991808,4,0,0.818102638,9
1,1,0.816515647,4,1,0.322613256,8
1,1,-0.253107114,3,1,1.167803727,9
1,1,-0.265625,3,1,1.459656478,10
1,1,-0.704516426,4,1,0.130179297,8
1,0,1.866621923,4,1,1.20623661,8
1,1,0.031910544,3,1,1.808304013,9
1,1,-0.051362111,4,1,1.235936679,10
1,1,1.064479768,4,1,0.635300131,10
1,1,-0.629993349,2,1,0.76166953,9
1,1,-0.514142304,3,1,0.815493294,9
1,1,-0.768848663,4,1,1.003113138,9
1,1,-0.255057903,4,0,0.022105589,8
1,1,0.162890768,4,1,0.3516501,9
1,1,-1.081424254,4,0,1.0338989,8
1,0,-0.621793007,4,1,-0.047316719,8
1,1,0.524822865,4,1,1.47296005,8
1,1,-1.282937002,4,0,0.549701737,9
1,1,0.498321822,3,0,1.084004341,9
1,1,-0.489322306,4,0,1.838192725,9
1,0,0.461593096,4,1,1.378879796,10
1,1,-0.979972113,4,1,0.873755819,9
1,1,-1.124789622,4,0,0.2806499,8
1,1,-0.915454159,3,0,1.291875301,6
1,1,-1.054506234,3,0,1.250847455,10
1,1,-0.362907501,4,0,0.380272989,8
1,1,0.820947274,4,0,0.962546401,10
1,0,-1.011581334,3,1,1.191650051,9
1,1,-0.081820324,3,0,0.385265488,10
1,1,-1.64300585,3,1,1.235943021,9
1,1,0.583075799,3,1,1.58115908,9
1,1,0.750906861,4,0,0.591846529,8
1,1,0.071193762,4,1,0.667855718,9
1,0,-1.53544922,4,0,0.965577424,9
1,1,-0.800233517,4,0,0.911914921,10
1,1,0.108919493,4,1,0.991354956,9
1,1,1.124131976,3,1,1.50229838,8
1,1,1.944411598,4,1,0.770285861,9
1,0,0.471808496,0,1,1.401362779,10
1,0,-1.974960406,2,0,1.478741437,10
1,0,-1.392313945,0,0,1.040964527,9
1,0,-0.380935472,0,1,1.264989155,8
1,1,-0.634149955,1,0,0.692372578,9
1,0,-0.201102372,0,0,1.483350198,10
1,1,-1.409074682,0,0,1.138035588,9
1,1,1.526330103,1,1,0.324210791,9
1,0,1.058996158,0,1,0.862711649,8
1,0,1.095124105,0,0,1.106926153,10
1,0,0.315526166,1,0,1.749310541,9
1,0,0.590161904,1,0,1.42696607,9
1,0,-0.417868905,0,0,1.023387979,10
1,0,1.192644056,0,0,0.080698321,6
1,0,0.840827404,0,1,1.426532468,10
1,0,-1.293355508,2,0,0.978561644,10
1,1,-1.680969546,0,0,0.935199655,9
1,0,-0.761773226,0,1,0.179672537,9
1,0,1.101012814,1,1,0.773643559,9
1,0,0.941013993,1,1,0.826646936,10
1,0,0.941950756,0,1,1.702964255,8
1,0,1.407564095,1,1,1.271776973,10
1,0,0.610677607,0,1,1.009921441,8
1,1,0.742577169,0,0,1.190087225,10
1,0,0.86476791,0,0,1.166280158,10
1,0,0.756978598,1,0,0.672238667,10
1,0,-0.000619187,0,1,0.857972216,8
1,0,-2.041444345,0,1,1.367304428,10
1,0,-0.50721247,0,1,1.569326879,8
1,0,-1.082875652,1,1,1.056394629,8
1,0,-0.010323222,0,1,0.598252049,10
1,0,-1.188538181,1,1,0.780758598,10
1,0,1.400470234,1,0,0.660309843,9
1,0,0.363818936,1,1,1.032021447,10
1,0,-1.06176948,2,0,0.631413397,9
1,0,-0.175999579,1,1,1.633504061,10
1,0,1.198689684,1,0,1.146370555,10
1,0,0.203152673,0,1,1.058492121,9
1,0,-0.039831172,0,0,1.32252927,10
1,0,-1.15557828,0,1,0.755803669,8
1,0,-0.222056926,0,1,0.276910801,9
1,0,1.169188539,0,0,1.64631719,9
1,0,-0.94222183,1,0,0.462733593,10
1,0,0.432632984,0,0,1.250555133,9
1,0,-0.240337409,0,1,0.417991099,9
1,0,1.614174054,0,0,0.856539981,10
1,0,0.869596068,2,1,1.45290734,10
1,0,0.540233037,1,0,1.93288216,7
1,0,-0.75395891,0,0,0.290879843,10
1,0,-0.646539703,2,1,1.120285006,9
1,0,-1.111606801,0,1,0.338550005,10
1,0,-1.075685002,1,1,0.770618373,9
1,0,0.183386849,0,0,1.300047541,9
1,0,0.643049181,0,1,1.437821823,9
1,0,-1.383602191,1,1,0.926435953,10
1,0,-0.447846201,0,0,1.084176844,8
1,1,-2.403880991,1,0,0.877210905,7
1,0,1.301956855,0,1,1.078318615,7
1,0,-2.623277899,0,1,1.558399443,10
1,0,0.597837313,0,1,0.645401735,9
1,0,0.44076461,1,1,0.970936351,9
1,0,1.079262237,0,1,0.890811268,9
1,0,1.817259798,0,0,-0.264225441,8
1,0,-1.704389288,0,0,0.703735877,8
1,1,1.252120255,0,1,0.672545707,8
1,1,-0.989965646,0,0,1.588486506,9
1,0,-1.385972427,1,0,0.84531116,8
1,0,-0.291099257,1,1,1.049328625,10
1,1,-0.457018186,0,1,1.202305943,9
1,0,-1.002049595,0,0,0.378718521,8
1,0,0.386268964,0,1,1.090149935,9
1,0,-1.025986833,0,1,1.319185976,10
1,0,1.24481131,0,1,0.486847149,10
1,1,0.199531224,1,0,0.60142101,10
1,0,0.881772834,1,0,0.808059635,8
1,1,-0.72893828,1,0,1.317655855,10
1,0,-0.321445535,1,1,0.314882001,10
1,0,0.477506809,0,1,1.631263356,10
1,0,-0.536334143,1,1,0.755003868,9
1,0,0.933485559,1,1,0.657276709,8
1,1,-1.001334222,0,1,0.649938447,10
1,0,-0.670738959,0,0,0.745080561,10
1,0,2.200305591,0,1,1.071382579,10
1,0,0.156937661,0,1,0.723079251,9
1,0,-0.755362795,0,0,0.752913055,8
1,0,-0.384210955,0,1,1.113838335,10
1,0,-0.298791884,1,1,0.948560845,10
1,0,0.470395897,2,0,1.245427622,10
1,0,-0.518694045,0,1,0.843814913,10
1,0,-1.33145934,0,0,0.789834913,10
1,0,-1.247667848,0,1,0.9841745,10
1,0,-1.279270146,0,0,1.347670284,9
1,0,0.551925107,0,1,1.128483107,9
1,0,2.151063554,3,0,0.739207665,8
1,0,0.544863794,1,1,1.131273223,8
1,0,0.823588356,0,0,1.021910215,10
1,0,-1.265619857,2,1,0.562648135,10
1,0,0.103997798,1,1,0.879608066,10
1,0,-0.431828757,0,1,0.887865242,9
1,1,-0.750386038,0,1,0.473998463,10
1,0,0.187928689,1,0,1.464647994,10
1,0,-3.455789489,1,0,0.399036995,7
1,0,-0.680195108,1,1,0.730726107,10
1,0,0.717815211,0,1,0.818133987,10
1,0,-1.211347634,1,1,1.092671334,7
1,0,0.2263238,0,1,1.313009282,8
1,0,-0.784793232,1,0,0.678398849,9
1,0,-0.047343573,1,0,1.365354161,10
1,0,0.384084092,0,0,0.442693655,8
1,0,0.457183509,0,0,1.659164971,9
1,0,0.438948215,0,0,1.123068407,9
1,0,1.098013124,1,0,1.308673152,7
1,0,0.60610059,1,0,0.486220451,9
1,0,0.346824927,1,1,1.751166432,9
1,0,1.122778729,0,0,0.561608783,9
1,0,0.793464592,0,1,1.014807077,9
1,0,2.794958438,1,1,1.394421412,10
1,0,-0.17086126,0,0,1.495730332,9
1,0,2.044791422,0,0,1.074856885,9
1,0,0.844362629,0,0,0.78915001,8
1,0,0.377359345,1,0,0.699835869,8
1,0,-1.063305487,1,1,1.426362789,10
1,0,0.250737146,0,1,0.781633391,9
1,0,0.081195031,0,0,-0.058322178,10
1,0,0.043750085,0,1,1.338935563,10
1,0,-0.992809476,1,1,1.067977398,8
1,0,-0.007086256,0,1,1.2764987,10
1,0,-1.298838128,0,0,1.230364392,9
1,1,-0.560250996,0,1,1.060644312,8
1,0,1.903040789,2,1,0.967479917,10
1,0,0.776550341,0,0,1.011373183,9
1,0,1.440683183,1,0,1.682072145,8
1,0,3.364389999,0,1,-0.313056079,10
1,0,2.194416606,1,0,1.153302675,10
1,0,-0.422752443,1,1,1.393608625,9
1,0,1.984007658,2,1,1.147247481,9
1,1,0.103342654,0,0,1.59892136,8
1,0,-1.781364198,0,0,0.666504773,10
1,0,1.511209248,0,0,2.606995828,7
1,0,-1.175977112,1,0,0.324295713,7
1,0,0.829424882,0,1,0.294569316,9
1,0,0.976533161,0,0,-0.153102579,8
1,0,1.727080646,0,0,0.778471639,10
1,1,0.959625698,0,0,1.424864398,7
1,0,0.410502879,1,0,1.584122537,8
1,0,0.87384573,1,1,0.932496933,8
1,0,-0.259444217,0,0,0.643402217,10
1,0,0.389022027,0,0,0.357054844,9
1,0,-0.569640651,1,0,1.275197668,7
1,0,0.601137826,1,1,0.705949758,10
1,0,0.479065374,0,1,0.470343882,10
1,0,-0.817209133,2,0,0.830793998,10
1,1,0.972146446,1,1,1.824782032,9
1,0,0.778901012,2,0,1.267561005,10
1,1,-1.920440166,2,1,1.029675269,9
1,1,-0.987373138,1,1,0.637012029,9
1,0,-0.617690324,0,1,1.151349231,9
1,0,-1.733605254,1,0,0.573938023,10
1,0,0.269892338,0,0,0.710786801,10
1,0,1.35893849,0,0,1.138589155,9
1,0,0.05326765,0,1,1.183772283,10
1,0,-0.386382814,1,1,1.35752046,9
1,0,-1.711631865,0,0,0.899002256,10
1,0,0.618593503,0,0,1.317333222,9
1,0,0.026048033,1,0,1.103494329,9
1,0,-1.435706905,1,1,1.493977176,9
1,0,0.069004974,2,1,1.323161977,8
1,0,0.673907941,1,0,1.230896225,9
1,1,-1.427109091,0,0,1.232895807,9
1,0,-1.316497231,0,1,1.367773187,9
1,0,-0.838781045,0,0,0.733685304,10
1,0,-0.528416831,0,0,1.188314935,9
1,1,-0.745589981,1,1,0.695162982,10
1,0,-1.054773377,1,0,2.243900988,9
1,0,-0.461014857,1,1,0.774095978,10
1,0,0.212913399,2,0,1.128729042,9
1,0,-0.258769283,0,1,0.633168166,8
1,0,-0.850838613,0,1,1.164771725,10
1,0,-1.505802204,0,1,0.771025247,10
1,0,0.764893785,0,0,1.768192074,10
1,0,-0.550504779,1,0,1.694602585,10
1,0,1.624840601,0,1,1.361444334,9
1,0,-0.954608085,1,0,1.245045659,9
1,1,-1.371994332,1,1,2.01867624,8
1,1,0.554756887,0,0,0.793261735,8
1,0,1.258682292,0,1,0.950588227,9
1,0,-0.595971568,1,0,1.869204977,9
1,1,-2.018962506,0,0,0.54693483,7
1,0,-0.183806673,1,1,1.395442248,9
1,0,-1.423530598,1,1,1.556284357,8
1,0,1.216159817,1,0,1.276142187,10
1,0,-0.935536314,2,1,1.33015935,10
1,0,1.520418254,0,1,0.751744695,8
1,0,1.929448288,2,1,0.182194411,9
1,0,-1.249263579,0,0,0.970515376,8
1,1,-0.126969554,1,0,0.133550358,9
1,0,0.259727067,0,0,0.391182609,10
1,0,1.349593572,0,0,1.454224242,6
1,0,1.453130612,1,0,1.583045775,10
1,1,-1.211106909,1,0,0.731472158,9
1,0,-0.297448921,0,0,0.731311466,9
1,1,-1.043553345,0,1,0.569529878,9
1,0,1.456341146,0,0,1.719071365,10
1,0,-0.245249237,0,0,2.436998165,9
1,0,-1.225815675,1,1,0.348591998,10
1,0,1.137428519,0,0,1.873305396,10
1,0,0.896395728,0,1,1.182373858,8
1,0,0.19070576,1,0,0.086690856,8
1,0,-1.421325775,0,1,1.615854888,9
1,1,-1.770878638,0,1,0.61440738,10
1,0,-0.974141271,0,1,2.007628251,10
1,0,-0.96432709,0,0,-0.023904542,10
1,0,0.806512332,0,1,2.09125648,10
1,0,2.380221056,0,1,1.31173093,10
1,0,-1.251107403,0,0,-0.013163525,10
1,0,-0.190674554,0,1,1.072707648,9
1,0,1.183375882,0,1,1.501043142,9
1,0,0.094102283,1,0,0.498458871,9
1,0,-0.598230244,2,0,1.223320531,10
1,0,-1.203401472,1,0,1.493539228,10
1,0,0.295836798,1,1,1.200566548,10
1,0,0.178788704,0,0,1.584090219,9
1,0,-0.071384105,0,0,1.392455549,9
1,0,1.901726875,2,0,1.671723828,9
1,1,-1.583030668,0,1,0.802512429,9
1,0,1.021151921,0,0,1.133529982,7
1,0,1.109007133,0,0,1.286876133,10
1,0,1.606769555,0,1,0.577480195,10
1,0,-0.79257284,0,0,0.505372285,8
1,0,0.303421715,0,1,1.537784068,8
1,0,-0.646058412,1,1,0.017670031,10
1,0,0.501675952,1,1,-0.476086843,8
1,0,0.096276275,1,0,0.152286453,9
1,1,-0.575904216,0,0,0.576028284,10
1,0,0.765272803,1,0,1.37324084,8
1,0,-0.708778002,0,1,0.634055024,10
1,0,0.479149623,0,0,0.369802584,8
1,0,1.20846057,0,0,0.960770514,7
1,0,2.292831149,0,0,1.071621476,7
1,0,1.566152436,0,0,0.831464562,10
1,0,-0.729365923,0,0,1.295736522,8
1,0,1.5090623,1,0,1.013086183,10
1,0,0.259356552,0,1,-0.079255164,9
1,0,-0.389863903,0,0,1.063383483,10
1,0,-0.325939406,0,1,0.816813258,9
1,0,-0.828682709,0,0,0.199586628,8
1,0,-0.918840826,0,0,1.469769594,9
1,0,-0.659018123,0,1,1.390067831,10
1,0,-0.444039731,0,0,0.763881497,8
1,0,-0.795034899,1,1,1.328904104,9
1,1,1.250100429,4,0,-1.466697197,1
1,1,-1.940500454,4,1,-1.906058318,0
1,1,-0.362205324,4,0,-1.591629424,0
1,1,1.139748023,4,0,-1.896884095,3
1,1,0.1304122,3,0,-0.586669495,2
1,1,-1.101205463,4,1,-1.637184134,1
1,1,0.680459396,3,1,-1.045205051,0
1,1,-0.233412566,4,0,-0.690002592,0
1,1,0.054960611,3,1,-1.704300865,0
1,1,-2.727144003,4,0,-1.385944087,0
1,0,1.914716283,3,0,-1.188711194,3
1,1,0.654603953,4,1,-0.214534509,1
1,1,-1.012327233,3,0,-1.104854189,1
1,1,0.229967205,2,1,-1.145203921,0
1,1,-0.168730667,4,0,-1.639848364,2
1,1,-0.057811948,3,1,-1.412119013,1
1,1,1.278187521,4,0,-0.475205927,2
1,1,0.153075755,4,0,-0.343572307,1
1,1,1.184997639,4,0,-0.750331384,2
1,1,0.4388718,3,1,-1.012330363,0
1,1,-0.366431641,2,0,-0.774313807,1
1,1,0.624619381,2,1,-0.782728032,0
1,0,0.219955115,4,0,-1.189967364,1
1,1,-0.969566279,4,1,-0.909979276,1
1,1,0.070406387,4,1,-0.829950924,2
1,1,2.296565637,3,1,-1.360361677,1
1,1,0.082813294,1,0,-1.27555306,3
1,1,-0.627977366,3,0,-0.311028406,2
1,1,0.658580056,4,0,-2.153349598,1
1,1,2.215015644,3,1,-0.981474974,2
1,1,-0.765216208,4,1,-0.863638675,1
1,1,0.468242579,4,0,-1.020561245,0
1,1,-0.299140557,4,0,-1.185726613,1
1,0,-1.137504963,3,1,-0.522716219,0
1,1,-0.610952067,4,0,-0.427077292,1
1,1,0.402734913,4,0,-1.264419042,1
1,1,0.183206133,4,0,-0.920782309,1
1,1,-1.842050113,4,1,-0.160900081,0
1,1,0.369521781,4,1,-0.332191749,2
1,1,0.528095202,3,0,-1.602634311,0
1,1,0.544134473,3,0,-0.488607807,1
1,0,-1.993818233,3,1,-0.768070764,2
1,1,0.336352416,4,1,0.038377794,0
1,1,-0.175320649,2,0,-1.479809488,1
1,1,-1.413224904,4,0,-1.063778523,0
1,1,-0.191485152,3,1,-1.410709315,1
1,1,-1.057829202,4,1,-0.515206408,0
1,1,0.008079964,4,1,-1.341847908,1
1,1,0.685041997,3,1,-1.51497623,0
1,1,1.251729218,2,0,-1.203628751,3
1,1,0.754176226,4,1,-0.599936363,1
1,1,-0.372697666,3,1,-0.329150461,0
1,1,-0.514535704,4,1,-0.727949251,1
1,1,0.622132593,4,1,-0.049830206,3
1,1,-1.186411768,3,1,-0.933395711,1
1,1,-1.010980051,4,0,-1.281059187,0
1,1,-1.03944276,3,0,-0.357868775,0
1,1,0.702983289,2,0,-1.528258861,1
1,1,-0.059294954,4,0,-0.980707873,0
1,1,-1.959517976,3,1,-1.223317629,0
1,1,0.38146946,4,0,-1.186939937,1
1,1,-0.633150702,4,0,-0.816005019,0
1,1,0.287627814,4,1,-2.134987617,0
1,1,1.507394957,4,1,-1.03898661,2
1,1,0.249756968,3,1,-0.527248014,0
1,1,-1.426434962,4,0,-0.83430796,2
1,1,-0.499696446,4,1,-0.680044864,0
1,1,-0.255616159,4,0,-1.928585908,1
1,1,-0.789495768,4,1,-1.312342865,1
1,0,-0.031059694,4,0,-0.353517736,0
1,1,-0.158595546,4,0,-1.331072459,0
1,1,0.782871256,3,0,-0.064736665,1
1,1,-2.172331237,4,0,-0.863986389,0
1,1,-0.697824856,3,0,-1.168049382,2
1,1,0.450782029,3,1,-1.719397806,1
1,1,0.009922958,4,0,-1.627297735,1
1,1,1.930092339,4,1,-0.40283228,2
1,1,-1.242097298,4,0,-0.990805738,1
1,1,0.325535905,4,1,0.017759503,0
1,1,1.328772596,3,0,-1.359063785,2
1,1,-0.085416797,3,1,-1.058470543,1
1,1,-0.900846186,3,0,-0.565616601,0
1,1,-0.041071607,3,0,-0.348396078,0
1,1,-1.127937241,3,1,-1.613607806,0
1,1,1.205331772,4,1,-0.996254485,0
1,1,1.297173177,4,0,-0.906071192,0
1,1,-1.689515874,3,0,-1.106318552,0
1,1,-0.281215274,3,1,-0.286867649,1
1,1,1.178785859,4,1,-0.078928532,2
1,1,0.186458439,4,0,-1.016680289,1
1,0,-0.325841669,3,1,-1.423171277,1
1,1,1.298384366,3,0,-0.398304484,0
1,1,0.671086971,3,1,-0.05329568,2
1,1,-0.376562251,4,1,-0.633380889,1
1,1,0.617680248,4,1,-0.47819177,1
1,0,0.939304075,4,1,-0.640469388,2
1,1,-1.628800967,3,1,-1.040188326,0
1,1,0.530250626,4,1,-0.8877644,0
1,1,-0.069621397,4,1,-1.550552501,0
1,1,-0.138770686,3,0,-0.49264834,2
1,1,-1.209007967,4,1,-0.494332708,0
1,1,-0.802437621,4,0,-1.017280741,1
1,1,0.164706759,3,0,-0.672617418,1
1,1,-0.13214507,4,1,-0.346726553,2
1,1,0.103713823,4,1,-0.900933676,1
1,1,-0.052063861,4,0,-1.67811347,1
1,1,-0.036115756,4,1,-1.011650353,2
1,1,-0.284511527,4,0,-1.439493846,0
1,0,-0.940742497,3,0,-1.727191718,3
1,1,0.437673314,2,1,-1.126193546,2
1,0,-1.661343566,3,0,-0.769279616,2
1,1,1.599465004,3,1,-0.457168474,0
1,1,1.305035786,4,1,-1.696063766,1
1,1,0.608748138,3,1,-0.991444702,4
1,1,0.986659245,4,0,-1.173180819,0
1,1,0.457150241,3,0,0.104795502,0
1,1,0.778389786,4,1,-0.38959126,2
1,1,0.925368367,3,0,-0.765852088,0
1,0,0.621176234,4,1,-1.033790642,1
1,1,0.782202124,4,1,-1.238552415,1
1,1,0.989779022,4,0,-1.3239439,0
1,1,0.2106725,4,1,-0.593286192,1
1,1,-0.803137364,4,1,-0.47372114,1
1,1,0.518354969,3,0,-1.614691309,1
1,1,-0.306255252,2,1,-0.959312472,1
1,1,-0.40962876,3,1,-1.304931848,0
1,1,0.53386157,4,0,-1.447578025,2
1,1,0.522523322,4,0,-0.952190466,1
1,1,-0.264404771,3,0,-1.289961496,1
1,1,-0.133804372,4,1,-0.902200764,0
1,1,-0.397075309,3,0,-0.831610285,1
1,1,-1.708039641,4,1,-0.866566346,1
1,1,1.157131915,4,0,-2.009896226,1
1,1,-0.957668579,4,1,-0.22692327,2
1,1,1.944487498,4,1,-1.73893284,2
1,1,-1.489719042,4,1,-2.378547124,0
1,0,-0.740875923,4,0,-0.827039993,2
1,0,0.918972248,3,0,-1.158236412,2
1,1,1.69953291,4,0,-2.085862932,2
1,1,-0.949378791,4,0,-1.045215563,0
1,1,-0.705149828,4,0,-1.339021428,0
1,1,-0.799905521,3,0,-0.369245959,0
1,1,-1.162787963,4,0,-0.244339068,1
1,1,0.48039782,3,1,0.1400641,1
1,1,0.542328016,3,1,-1.541675385,2
1,1,0.790477358,4,1,-1.713219119,0
1,0,-0.108785664,4,0,-1.389789561,2
1,1,1.55146496,4,1,-1.166248837,0
1,0,-0.566458561,4,0,-1.151811162,0
1,1,-0.577096564,4,1,-0.553716924,1
1,1,-1.502577001,3,1,-2.152201419,1
1,1,-0.698654154,2,1,-1.411304699,1
1,1,-0.709637577,4,1,-1.116884851,1
1,1,-0.012988549,4,1,-1.502515153,1
1,1,0.709701895,4,1,-1.890598958,2
1,1,0.006829805,3,0,-0.364702254,2
1,1,-1.916725824,4,0,-1.777075985,0
1,1,0.68743151,4,1,-0.710583464,0
1,1,0.210818875,3,0,-1.124762129,0
1,1,0.10106185,4,1,-1.843083553,3
1,0,0.617865118,4,1,-1.697236999,1
1,1,-0.786924801,4,1,-1.239890681,1
1,1,0.204324664,3,0,-0.620102881,2
1,1,0.188451475,4,1,-0.719661305,0
1,1,1.187258877,3,0,-1.588171458,2
1,1,1.089574769,2,1,-1.088305489,1
1,1,-0.543508293,4,1,-1.232624351,1
1,1,0.900817077,3,1,-0.834727825,0
1,1,-1.490949803,4,0,-0.559677058,2
1,1,0.658441284,4,0,-0.629434125,1
1,1,0.408963794,3,1,-0.730951798,2
1,1,-1.136802005,3,0,-1.028572042,2
1,1,0.399129858,4,1,-1.766335675,1
1,1,-1.385356521,3,0,-1.174760195,0
1,1,-2.471581241,3,1,-1.20429029,0
1,1,0.423910992,2,1,-0.727874557,2
1,0,0.006415381,4,1,-0.654282937,0
1,1,-0.652968677,3,0,0.081051273,0
1,1,-0.824210457,4,0,-0.871811595,0
1,1,0.448563992,4,1,-0.810971584,3
1,1,0.992256652,3,0,-1.365644194,1
1,1,-1.814523673,3,1,-0.723476185,1
1,0,-0.460230986,4,1,-1.283338279,1
1,1,0.751100265,3,0,-1.416250322,1
1,1,-1.539554343,3,0,-1.06157458,1
1,1,-0.598804404,4,0,-1.359336495,0
1,1,0.369732249,3,1,-1.498054813,0
1,1,-0.406822536,3,1,-1.183015113,0
1,1,0.098470394,4,1,-0.401071351,1
1,0,0.593810264,4,1,-1.360249791,0
1,1,-0.842532053,4,1,-0.24241208,0
1,1,0.976960723,4,1,-0.903811785,2
1,1,-0.65604772,4,0,-0.168261895,0
1,1,-0.084250114,3,1,-1.115854168,1
1,1,1.204213308,4,1,-0.90615065,2
1,0,-1.168573497,3,0,-1.72255423,1
1,1,-0.236595427,4,0,-2.000600855,0
1,1,0.202336449,4,0,-1.836222173,1
1,1,0.051273728,3,0,-1.426263822,1
1,1,0.449714583,4,1,-0.202762859,3
1,0,0.047721095,4,1,-0.30366039,1
1,1,-1.156457469,3,0,-1.640088338,1
1,1,0.598277485,4,1,-1.410726406,1
1,1,0.502281012,3,0,-0.529483382,1
1,1,0.08816837,3,0,-1.084973458,2
1,1,1.01859855,3,0,-0.933625218,1
1,1,-1.088168057,4,0,0.309815947,2
1,1,0.004447532,3,0,-0.101121897,2
1,1,-0.18334209,4,1,-0.795860037,0
1,1,-0.076673168,4,1,-0.657057856,1
1,1,0.915922626,4,0,-1.561758211,2
1,1,-2.016427776,4,0,-0.413375821,0
1,1,1.802893975,4,1,-1.524894446,1
1,1,-0.743723674,3,0,-2.011385229,2
1,1,-1.286423463,4,1,-1.008106232,1
1,1,-0.837685794,4,0,-0.720139074,0
1,1,0.840312849,4,1,-1.263136067,2
1,1,1.731351229,4,1,-1.75059477,0
1,1,0.435121712,4,0,-0.683977069,3
1,1,1.323343542,3,1,-0.255588051,2
1,0,-0.619113596,4,0,-1.687161623,0
1,1,0.5240902,4,1,-0.588706334,1
1,1,-2.603546824,3,1,-0.419755624,0
1,1,0.307707675,3,1,-1.564892669,1
1,1,2.369938165,4,0,-0.89299338,1
1,1,-1.389410953,4,0,-0.977002419,2
1,1,-0.770635273,4,1,-0.933577261,1
1,1,0.089428073,4,0,-1.16763499,1
1,1,-0.458477155,3,1,-1.999182014,0
1,1,1.198422293,3,0,-0.566996111,0
1,1,-0.560299293,4,1,-0.933182273,1
1,1,-0.241510238,3,0,-1.557841576,0
1,0,-0.065337945,4,1,-1.753185503,1
1,1,-2.272379533,3,0,-1.877660988,0
1,1,-0.865179899,4,1,-0.856041072,1
1,1,-0.025352889,4,1,-1.965202864,0
1,1,-0.182515995,4,0,-1.375776054,0
1,1,-1.984425483,4,1,-1.769455977,2
1,1,0.146735654,4,1,-0.91660294,1
1,1,-0.434434854,4,0,-1.195755517,0
1,1,-0.131345167,3,0,-0.776768859,2
1,1,-0.24079559,4,1,-0.627872682,3
1,0,0.312237412,3,1,-1.343459152,0
1,1,-1.095851248,3,1,-1.376902479,1
1,1,-0.128849312,4,1,-1.055225598,0
1,1,0.063399198,2,0,-1.976899699,1
1,1,-0.04299565,3,0,-1.595849283,1
1,1,-1.91804172,4,0,-1.053357297,0
1,1,1.300801094,4,1,-1.268259116,0
1,1,-1.273493968,4,1,-1.070074763,1
1,0,-0.73380269,0,0,-0.941743182,1
1,0,-0.170496485,0,0,-0.971419188,2
1,0,1.136299223,1,0,-0.705400646,1
1,0,-0.420012685,0,1,-1.263682819,1
1,0,-2.74410665,0,0,-0.918814971,1
1,0,0.727987928,0,1,-1.224237706,1
1,0,1.126094702,0,0,-1.290395002,0
1,0,-0.229662386,1,0,-1.510412981,0
1,0,-1.548462012,0,0,-1.613633516,0
1,0,1.515492101,0,0,-0.802544317,2
1,0,-0.114338435,0,0,-1.613993067,1
1,0,1.283347361,0,1,-1.26433133,2
1,0,-1.205979127,0,1,-0.781221569,1
1,0,-0.364415273,1,0,-1.439296171,0
1,0,0.196685739,0,1,-0.504370414,1
1,0,0.565102023,2,1,-0.527967506,0
1,1,1.160099411,0,1,0.068652919,0
1,1,-0.178890347,0,0,-0.900332596,0
1,0,0.716232562,0,0,0.324987604,1
1,0,-0.926538284,0,0,-1.796986131,1
1,1,-0.385224035,0,1,-0.006407821,3
1,1,0.307231634,1,0,-1.357654219,1
1,0,1.01155706,0,1,-1.245242079,1
1,0,-0.129700014,1,1,-0.96917157,1
1,0,-1.033666643,1,0,-0.911317334,3
1,0,0.770501942,0,0,-1.605236221,1
1,0,-0.649887228,0,1,-1.512796889,1
1,0,-0.356505384,0,0,-1.518939702,0
1,0,-0.711164506,0,0,-1.567405389,0
1,1,1.100070502,1,1,-0.588558909,2
1,1,0.048334484,0,0,-0.532370303,3
1,0,1.102238128,0,0,-1.669933455,3
1,0,-1.42320219,1,1,-1.155904488,2
1,1,-1.290606114,0,0,-0.790051495,3
1,0,-0.789905681,0,1,-0.83049168,1
1,0,1.006221628,0,1,-2.274047779,0
1,1,0.771175528,0,0,-0.357504253,1
1,0,2.455692043,0,0,-1.704012133,0
1,0,-1.451296335,1,1,-1.245108732,0
1,0,-0.28958782,0,1,-0.988621009,1
1,0,-0.664340334,0,0,-0.63867641,0
1,0,0.212353064,1,1,-0.468106076,3
1,0,0.723186294,0,1,-0.553972317,2
1,1,0.844156786,0,0,-1.094480507,2
1,0,-0.020813274,1,0,-0.853010843,2
1,0,0.774932681,0,1,-0.854863089,0
1,0,0.171202209,0,0,-1.193366495,1
1,0,0.422700398,0,0,-1.257881402,1
1,0,-1.195761231,0,0,-1.820928725,0
1,1,0.297811138,0,1,-0.577159059,2
1,1,-0.14075423,1,1,-0.392536984,1
1,0,-1.382206121,0,0,-1.61679813,0
1,0,-0.118656082,0,0,-0.783582201,0
1,0,-1.099619884,0,0,-1.670966201,1
1,0,-0.247069242,0,0,-0.380210225,1
1,0,-1.278881016,0,1,-2.19101859,1
1,0,-1.044877196,0,1,-0.588093613,1
1,1,0.945881848,0,0,-0.958167246,1
1,0,-0.037969775,1,1,-1.595658466,1
1,0,-0.435994472,1,1,-0.777675464,0
1,0,1.224355609,0,0,-1.394554123,0
1,0,-0.387720728,0,1,-1.275253611,2
1,0,1.277842284,1,1,-1.249592939,2
1,0,1.17451316,0,0,-0.650327815,1
1,0,-0.498936791,1,1,-0.769433892,1
1,0,1.017946383,0,0,-1.774745634,0
1,0,0.953541207,0,1,-0.977242407,2
1,0,-0.714630289,1,0,-0.796325085,2
1,0,-0.064090593,0,1,-0.802975626,1
1,0,1.610511844,0,0,-0.808096187,2
1,0,-0.428104005,0,0,-0.736524734,0
1,0,0.063150248,0,0,-1.012842694,1
1,0,-0.587628263,0,1,-0.45253961,2
1,0,0.262823543,0,1,-0.36555137,0
1,0,0.697735589,0,1,-1.644454872,0
1,1,1.052982941,0,1,-0.845781486,1
1,0,0.055250195,0,1,-0.463993605,1
1,1,0.201707694,0,1,-1.495255605,0
1,0,0.376063848,0,0,-1.58810453,1
1,0,0.73959243,1,0,-0.822052875,0
1,0,0.385682739,0,0,-0.567739126,2
1,0,-0.673788594,0,1,-1.273744342,3
1,0,-2.051750093,1,0,-0.687537367,2
1,0,0.569113437,0,0,-1.153774938,0
1,1,-1.657905276,0,1,-0.657718925,1
1,1,-0.126866639,0,0,-0.68198857,1
1,0,0.487556441,1,0,-1.512353329,1
1,0,0.638532899,0,1,0.129585501,1
1,0,-1.2071598,1,0,-0.965627789,3
1,0,-0.318695648,0,0,-1.419675867,3
1,0,-1.066587943,0,1,-1.200577446,1
1,1,0.138465857,0,0,-0.858332253,0
1,0,2.25081414,0,0,-0.282922833,0
1,0,-0.839299577,0,0,-0.64876674,1
1,0,-0.331153311,1,0,-0.955082659,0
1,0,-0.540959603,1,1,-1.280974717,0
1,0,0.861634027,1,1,-1.166473874,1
1,0,0.413896137,0,0,-1.328641296,2
1,0,-0.466932413,0,0,-2.048135241,1
1,0,-1.460832354,1,0,-0.936173629,2
1,0,-1.074638644,1,1,-1.562639604,0
1,0,1.230779452,0,0,-1.71478781,0
1,1,-0.217706149,0,1,-1.695420904,1
1,0,-0.461428337,0,1,-1.08432935,1
1,0,0.34718888,0,0,-1.782091089,1
1,0,-0.903118684,0,0,-1.49022896,1
1,0,-0.541286096,0,0,-0.881752708,0
1,0,-1.237081202,0,0,-0.505934942,0
1,0,0.241117441,1,0,-0.881852926,0
1,0,0.003787192,0,0,-2.190994261,1
1,0,0.072115656,0,0,-0.777014833,1
1,0,-1.017896926,1,1,-0.656250737,2
1,0,-1.103742625,0,0,-1.394776368,2
1,0,-0.740270115,0,0,-0.739561545,1
1,0,1.602135396,0,1,-1.11132737,0
1,0,0.024515353,1,0,-1.040776935,0
1,0,1.623511818,0,1,-0.611578596,2
1,0,-2.047840816,0,1,-1.31200065,0
1,0,1.04138435,1,0,-0.248540798,0
1,0,0.48248987,0,1,-1.44323126,2
1,0,-0.807547864,0,1,-2.687343651,2
1,0,-0.329024626,0,1,-0.504693051,1
1,1,1.251126957,0,1,-0.627320262,0
1,0,-0.711554567,1,1,-0.827560609,0
1,0,-0.244695104,0,0,-0.968244598,0
1,0,-0.451328826,0,1,-1.155076752,0
1,0,1.783738368,0,0,-1.271208696,1
1,0,-0.160188996,0,1,-1.961734296,2
1,0,0.870257267,0,0,-1.294784723,2
1,0,-0.052465667,0,0,-0.66759045,1
1,0,0.329356673,0,1,-1.172679188,1
1,0,-2.036105665,0,1,0.181068845,3
1,0,-0.238934001,0,1,-0.126847567,3
1,0,-1.357403774,1,1,-1.078364322,1
1,0,-0.56183197,0,1,-2.199155128,2
1,0,0.087516816,0,1,-0.641530568,0
1,1,0.113812664,0,0,-0.324897695,0
1,1,0.283092535,0,1,-1.273168469,1
1,0,0.17574158,0,0,-1.769522536,4
1,0,0.604518278,0,1,-0.965681633,1
1,0,0.086192857,0,0,-0.319186011,1
1,0,-0.625899739,0,1,-0.33631522,2
1,0,-3.411712907,0,0,-1.167695933,0
1,0,0.35796361,0,1,-1.179877404,1
1,0,-0.63956311,0,1,-1.772572522,2
1,0,0.201959258,3,1,-1.910599581,1
1,0,-0.300786978,1,1,-2.047873783,2
1,0,0.367933524,0,1,-1.43744723,2
1,0,0.942931002,1,1,-0.483554753,0
1,0,-0.489102468,0,1,-1.362029776,1
1,0,0.614904028,1,0,-1.280130893,0
1,1,-0.317921322,0,1,-0.996113442,1
1,0,-1.581463783,1,1,-1.26151638,1
1,0,-0.06722298,1,1,-0.424263757,0
1,0,0.169852219,0,0,-0.901956961,1
1,0,0.009000622,3,1,-0.932786246,1
1,0,-1.105186604,0,0,-0.857088381,2
1,0,-1.449854366,0,1,-0.985956181,2
1,0,2.385210003,1,0,-0.564676639,2
1,0,-0.59462324,0,1,-0.672806127,1
1,0,1.061103302,0,1,-1.709559393,0
1,0,0.284583144,0,1,-1.485336799,3
1,0,-0.358858565,0,1,-1.009260201,1
1,0,-0.735013952,0,0,-0.641403174,0
1,0,1.698467695,0,0,-0.706181066,2
1,0,0.369434348,0,1,-1.206629206,1
1,0,-0.457208354,0,0,-1.974506126,0
1,0,0.531459922,0,0,-1.73930837,0
1,1,1.896053178,0,1,-0.838328364,1
1,0,1.648617996,0,0,-1.75714895,3
1,0,-0.796947959,0,1,-1.487381858,0
1,0,-2.086022035,2,1,-1.313737216,0
1,0,0.228150358,1,0,-1.232067961,0
1,0,0.33305328,0,0,-1.163241108,2
1,0,-0.821957484,0,0,-1.495303008,0
1,0,-0.028978293,0,0,-0.737829409,0
1,1,0.03361338,1,0,-0.957587437,1
1,1,-0.653649448,2,1,-1.470677129,2
1,0,0.281816808,0,0,-1.639931516,0
1,0,0.71758433,0,1,-1.427743848,2
1,1,0.6377447,0,0,-0.80892235,1
1,0,2.234783473,0,0,-1.23676159,0
1,0,0.642543254,0,1,-1.594829749,1
1,0,0.730568191,0,1,-0.829141553,1
1,0,0.910107693,0,1,-0.798060448,1
1,0,0.857700345,0,1,-2.040961822,0
1,0,0.102036127,0,1,-1.478528492,1
1,0,0.012464032,0,0,-0.783149485,3
1,0,0.221311031,1,1,-0.384928491,1
1,0,1.263144241,2,1,-1.126081465,3
1,0,0.325308799,0,1,-1.349141929,1
1,0,0.862862142,0,0,-1.274862981,2
1,0,1.273053356,1,0,-0.616897009,0
1,0,-0.824281871,0,1,-1.596759073,1
1,0,-0.162626101,1,0,-1.866869541,0
1,0,0.102116869,1,1,-1.222783831,1
1,1,1.110025158,0,0,-1.775836727,1
1,0,-1.840328306,1,1,-0.571726896,3
1,0,-2.153957379,0,1,-0.958614831,2
1,0,-0.039728249,1,0,-0.877720143,1
1,0,-1.106074121,0,1,-1.195331879,2
1,0,0.962931157,0,0,-1.590339186,1
1,0,-1.855505181,0,0,-1.219830883,0
1,0,1.744130283,0,1,-1.012856101,0
1,0,0.877659263,1,1,-0.992821387,1
1,0,-1.500362542,0,1,-0.730704668,0
1,0,0.257697618,1,1,-0.564407801,0
1,0,-0.304310024,2,1,-1.563244565,1
1,0,-0.539958432,0,1,-1.092879065,1
1,0,-0.946749251,0,0,-1.151821854,0
1,0,0.432627408,0,0,-1.437096637,1
1,0,0.66520274,0,1,-0.572846141,0
1,1,0.421138247,0,0,-1.522964927,2
1,0,-0.937391825,0,1,-1.392321236,1
1,0,0.471645934,0,1,-1.086990271,0
1,1,0.174936662,0,1,-0.363760922,0
1,0,0.373407447,0,1,-0.07617438,1
1,0,-0.173532831,2,0,-0.48424248,1
1,0,-1.031663905,0,1,-1.529891362,2
1,0,-0.644261021,0,0,-1.961807185,1
1,0,-0.469677469,0,1,-2.23532664,1
1,0,0.178858364,1,1,-0.606319133,1
1,0,-1.117505851,0,0,-1.656545654,2
1,0,-1.145246193,1,0,-0.92880622,1
1,0,-1.092513133,0,0,-1.110932305,1
1,0,-1.573623769,0,1,-0.652600983,2
1,0,0.513008589,0,1,-1.29270338,1
1,0,0.997238741,0,1,-0.589103431,0
1,0,-0.41748571,0,1,-1.063598572,0
1,0,0.398324921,0,0,-1.535453449,0
1,0,0.673877222,0,1,-0.278848901,0
1,1,-1.654516949,1,0,-0.717735882,3
1,0,-0.687912404,1,1,-0.730280813,0
1,0,-2.224018913,0,1,-1.413862667,1
1,0,-0.439455957,0,0,-0.184970738,0
1,0,-0.668041199,0,1,-0.368029422,2
1,0,-0.745405148,0,1,-0.756159869,2
1,1,-0.294530696,0,0,-1.616166142,2
1,1,-1.053962282,0,1,-1.914469093,0
1,0,1.897368546,0,0,-1.15678578,0
1,0,-0.152790862,0,1,-0.387819186,1
1,0,0.514403799,0,0,-1.462920503,0
1,0,-1.390742554,1,0,-1.100396639,0
1,0,-1.278085376,0,0,-1.37123308,2
1,0,0.605833229,0,1,-0.890267771,0
1,0,-0.634105701,0,1,-2.364788683,1
1,0,-1.983128252,0,1,-0.440245427,1
1,0,-0.035999893,0,0,-0.768706525,3
1,0,-0.072646144,0,1,-1.275319521,2
1,0,0.084769431,0,1,-1.37733432,0
0,0,3.642277108,3,1,-0.255197909,10
0,1,5.630307921,4,1,-0.471659532,9
0,1,1.164903979,3,1,1.300131573,9
0,0,2.400829104,4,1,-0.675209727,7
0,1,1.585473204,3,1,0.620224428,10
0,1,3.611013051,4,1,0.680661436,10
0,1,1.931578018,3,1,-0.780169885,9
0,0,2.535964173,4,1,-0.923212108,8
0,1,2.144078178,4,1,-0.953081869,8
0,0,3.882978199,3,1,-0.625229204,10
0,1,1.901450109,4,1,-0.81347298,9
0,0,3.355049858,3,1,-0.392787192,9
0,1,4.31047809,4,1,-0.44152901,10
0,0,2.740840481,4,0,0.036369254,10
0,0,3.004000244,4,1,1.090942808,10
0,0,2.984345968,3,1,0.345155673,9
0,0,3.999585804,4,1,0.056106576,9
0,0,2.917202468,4,1,-0.911468318,9
0,1,2.347368971,3,0,0.257256632,9
0,1,3.64902227,4,0,-0.382576161,10
0,1,2.397430263,3,1,-0.669216334,9
0,1,2.677197652,4,0,-1.008663269,10
0,0,2.379360358,3,1,0.641004633,9
0,1,4.670877157,1,1,0.406786115,8
0,1,2.873620709,3,1,-0.867878235,10
0,0,3.380501532,4,1,-0.171871326,10
0,1,1.905530283,4,1,-0.364380722,10
0,0,3.42064042,3,1,0.684559649,10
0,1,3.704158577,4,1,0.225454658,10
0,1,3.416662021,2,1,0.190825875,9
0,1,3.106187844,4,1,-0.200101027,9
0,1,1.832569642,4,1,0.491574008,10
0,0,3.541884698,4,0,0.087722352,8
0,0,2.515472924,4,1,0.500204591,10
0,0,2.521957634,4,1,-0.534440018,8
0,1,3.978514973,4,0,-0.044719604,10
0,1,2.2075925,3,1,-0.107292401,10
0,0,5.832234171,4,1,0.853922095,9
0,0,5.020328581,4,1,0.219115812,10
0,0,3.842946721,4,1,-0.13541041,9
0,1,3.336244289,3,1,0.188928868,10
0,0,3.811145407,4,1,-0.477203841,9
0,0,1.857288884,4,0,0.946848745,9
0,1,2.205837824,4,1,-0.00146679,10
0,0,3.652199643,3,1,0.439311853,9
0,1,3.608852275,3,1,-0.016339725,8
0,1,2.78847677,4,1,-0.265652973,9
0,0,2.770941327,3,1,0.983390943,10
0,0,3.360937947,4,1,0.547724611,9
0,1,2.95773912,4,1,-0.067635708,8
0,0,2.120462725,4,1,0.019273646,9
0,0,2.739114258,4,1,-0.322964986,9
0,1,2.78871225,4,0,0.632767295,9
0,1,4.121302781,3,0,0.607240899,10
0,1,3.271996984,3,1,-0.715118615,8
0,1,2.77177132,4,0,0.588919028,9
0,0,3.382706911,4,1,-1.015317237,9
0,1,3.883733605,3,1,0.01687674,9
0,0,3.21934377,3,1,0.242145971,8
0,1,1.369674996,4,1,0.428167258,9
0,1,2.164493324,4,0,1.366842976,10
0,0,2.921341981,4,1,-0.112838131,8
0,1,3.848424664,4,1,-0.509644061,9
0,1,3.289872894,3,1,0.333908187,7
0,1,4.006433855,4,1,0.355014867,6
0,0,4.30853082,4,0,-0.210419513,10
0,0,1.79181722,4,1,0.133307132,10
0,1,3.109792256,2,1,-0.048008607,10
0,1,1.272201951,3,1,0.923765113,8
0,0,4.127324626,4,0,-0.623146002,9
0,1,5.26110911,3,1,0.349046236,9
0,0,3.084243474,4,1,0.787733074,10
0,1,2.563389919,4,1,0.566513625,10
0,0,2.299742166,4,1,0.111845563,10
0,0,3.843031112,3,1,0.677251122,9
0,0,2.902199951,4,1,-0.352241946,9
0,0,3.686971535,2,0,-0.175824961,10
0,1,2.303526732,4,1,0.142739314,10
0,0,4.042699248,3,1,0.753022778,9
0,1,4.959315195,3,1,0.243770556,8
0,0,2.966137836,2,1,-0.014987311,10
0,0,3.018701457,4,1,0.319195901,10
0,1,3.659923341,4,1,0.193623766,9
0,0,3.844214108,3,1,0.559158106,9
0,0,1.951379669,4,1,-0.657661876,8
0,1,3.100713214,4,1,0.019366623,9
0,1,4.635109529,3,1,-0.105492215,9
0,1,1.767820176,3,0,-0.084434129,9
0,0,2.885768236,4,1,-0.254945753,10
0,1,4.650811222,2,0,0.155375189,10
0,1,1.89961514,4,1,-0.617297995,9
0,1,3.260692085,4,1,-0.15614288,7
0,0,3.011531735,3,1,0.144326792,10
0,0,3.721912479,4,0,-0.450130747,9
0,0,1.166527202,3,1,0.174774345,9
0,1,2.438116298,4,0,-0.264777982,9
0,1,4.030033582,4,1,-0.354092466,9
0,1,2.655062945,2,1,-0.949675023,10
0,0,2.455204341,4,1,-0.163869527,6
0,0,5.216167435,4,1,-0.229642546,8
0,0,4.873860029,4,1,0.287231719,10
0,0,3.187804359,4,1,0.411577542,9
0,0,4.459122432,4,1,1.179504573,7
0,1,5.089288212,4,1,-0.684520016,9
0,0,5.251687914,4,0,-0.067607959,10
0,1,2.332371318,3,1,-0.488801647,10
0,0,1.681500048,4,1,0.223949855,9
0,1,2.338052336,4,1,0.346250312,10
0,0,3.061686225,4,1,0.244702892,10
0,1,0.906864085,2,1,0.28538538,9
0,1,2.617351107,4,0,0.101515504,10
0,0,1.432985137,4,1,-0.553652699,9
0,1,3.029895543,4,1,0.203114924,10
0,0,2.223534669,3,1,-0.079135431,8
0,1,3.314480999,4,1,0.956756942,9
0,1,2.602357498,3,1,0.108134667,10
0,1,2.020324278,4,1,0.429231564,10
0,0,2.002726052,4,1,0.259923343,9
0,0,3.820795802,4,1,0.895545619,8
0,1,3.792322743,2,1,0.877028151,10
0,1,3.161397858,3,1,-0.117159235,10
0,0,4.085132401,4,1,0.058303727,8
0,0,1.580193734,3,1,0.038156603,10
0,1,3.330301755,3,1,-0.656144899,10
0,1,3.586894584,3,1,-0.527168064,9
0,1,1.667025144,4,0,-0.300591229,8
0,0,3.334244279,4,1,-0.426925171,9
0,1,3.623180169,4,1,-1.50592967,7
0,0,3.288621025,4,1,-0.182078163,8
0,1,2.556257446,3,1,0.111215365,9
0,0,2.620122734,4,1,0.008316238,9
0,0,2.801034803,4,1,-0.128473745,9
0,1,2.778551839,4,1,-0.066917649,10
0,0,1.698400199,3,1,0.405837848,10
0,0,4.33200571,3,1,0.041476899,10
0,0,2.880738483,4,1,-0.547810008,8
0,1,4.36473227,4,1,0.068765317,8
0,1,2.731670936,3,1,-0.367805641,9
0,0,2.110642568,4,1,-0.567077016,8
0,0,3.098388077,4,1,-0.198085459,7
0,0,1.045072424,4,1,0.126343579,8
0,1,2.890799088,4,1,0.108995685,8
0,0,3.426300103,4,1,-0.511972542,10
0,0,4.195292388,3,1,0.4031649,9
0,0,4.714275711,4,0,-0.13730372,8
0,0,3.780983923,3,1,-0.744887957,10
0,0,2.210067831,3,1,0.180722134,8
0,0,2.753513158,4,1,-0.651657574,10
0,1,1.60561343,4,1,0.181200222,10
0,1,2.528495752,3,0,1.01219572,9
0,0,1.435799737,4,1,-0.384011436,9
0,0,1.102298655,4,1,0.507036742,9
0,0,4.73358785,3,1,0.142138341,9
0,1,2.631222254,4,1,1.04929945,9
0,0,4.062293466,3,1,0.876762888,9
0,0,2.446373262,3,1,-0.615763884,6
0,1,1.248796973,4,1,-0.168776457,9
0,0,2.736669113,4,1,-0.142099079,10
0,0,2.045765789,2,1,0.372936006,10
0,1,1.54126394,4,1,-0.499048388,9
0,0,2.473764378,4,1,0.37694921,10
0,0,3.065339857,4,1,0.637035864,7
0,1,2.790559702,3,1,0.753405552,9
0,0,3.889565635,4,0,0.053880195,10
0,0,3.038446219,4,1,-0.114119232,8
0,0,4.010766014,3,1,0.65318367,10
0,1,4.787911861,2,1,0.156399014,9
0,0,2.560622382,4,1,-0.248336726,7
0,1,3.792815867,3,1,-0.818898998,9
0,0,4.441703801,4,1,0.33216229,8
0,0,3.136866964,3,1,0.38250653,8
0,1,3.412745638,2,1,0.649985777,8
0,0,3.849014654,4,1,0.103920256,10
0,0,1.800487126,4,1,0.060653757,8
0,0,2.407421771,4,1,-0.683200606,7
0,1,2.259774761,3,1,-1.226060452,9
0,0,1.964238085,4,1,-0.705666953,9
0,0,4.2867323,4,1,0.167887898,8
0,0,3.291840318,4,1,0.78098595,9
0,1,3.123371488,3,0,-0.454351263,8
0,0,2.814559358,4,1,-1.491248424,7
0,0,3.184305589,4,1,-0.6175121,10
0,1,4.879816013,4,1,-0.306726188,9
0,0,2.750247125,4,1,-0.80876009,10
0,0,3.557921142,3,1,0.774795751,9
0,0,4.012409329,2,1,-0.678714316,10
0,1,0.958190169,2,1,-0.203545744,9
0,1,3.79298807,4,0,0.639361873,9
0,0,1.326998964,4,1,0.229571594,7
0,0,2.743775118,4,1,0.008817713,8
0,0,1.377890984,3,1,-0.048969352,10
0,0,3.783339546,4,1,0.017294693,9
0,1,2.209967343,4,1,0.349747162,8
0,0,3.339247027,4,1,-0.294884651,8
0,1,2.494256473,4,1,-0.753057021,9
0,0,2.154034453,4,1,-0.33009691,8
0,1,3.020061265,4,1,-0.339363272,9
0,0,4.517284063,4,1,-0.829871806,9
0,1,3.680799801,4,0,-0.063748902,9
0,1,3.604490514,3,1,0.17805715,8
0,1,0.669652263,3,1,-0.649622563,7
0,1,5.047318671,4,1,0.022213049,10
0,0,1.871211065,3,1,-0.97306572,9
0,1,1.791691155,4,1,-0.925636463,8
0,0,3.817712249,4,1,-0.257799383,9
0,1,2.471820713,3,1,0.748193986,9
0,0,2.72074659,3,0,0.478308369,10
0,1,1.645025637,4,1,0.366941997,9
0,1,2.947135865,4,1,-0.014396956,9
0,1,5.473777659,3,1,-0.619815572,10
0,0,2.814989274,3,1,-0.193490138,10
0,1,3.380902604,3,1,0.520605029,7
0,0,4.320829075,4,1,-0.222895452,7
0,0,2.777751611,3,1,0.250125805,10
0,1,3.059205655,4,0,-0.396503247,9
0,0,3.247137651,4,1,-0.491006789,9
0,1,3.922882761,4,1,-0.466418407,9
0,1,4.825519125,4,1,0.637205909,9
0,1,2.412528015,4,1,0.232055891,9
0,1,1.213718092,4,1,0.546324294,7
0,0,3.155613584,3,1,-0.862296966,7
0,1,1.803049783,4,1,0.104859163,8
0,1,1.658705933,3,1,-0.0076366,8
0,1,3.88097009,4,0,-0.668634754,10
0,1,3.741663145,4,1,0.885792306,10
0,0,2.883642186,4,1,0.164918478,9
0,0,4.728443182,4,1,-0.108801467,10
0,0,3.720138966,4,1,0.6801379,10
0,1,3.468027919,3,1,-0.254302792,9
0,0,2.871138572,4,1,-1.137315915,10
0,1,4.649842709,4,1,-0.187193663,10
0,0,1.096699369,4,1,-0.180225732,8
0,0,2.830858915,3,1,-0.104866268,8
0,1,2.687142218,3,1,0.42176999,10
0,0,3.019344367,4,1,-0.124920627,10
0,1,3.028137495,4,1,-1.353623691,8
0,1,3.537012283,4,1,-0.067020705,9
0,1,3.172726223,4,1,-0.583208876,9
0,0,1.951895863,4,1,-0.206567067,9
0,0,2.693069361,3,1,0.432851964,10
0,0,4.716143173,4,1,0.247729731,9
0,0,4.617000814,4,1,-0.050748937,10
0,0,0.677348844,4,1,-0.57352389,10
0,0,3.248836748,3,1,0.75923486,9
0,0,3.924954037,3,1,-0.055498994,7
0,1,3.566124452,3,1,0.597969483,10
0,0,3.968630553,4,1,-0.337280428,8
0,0,2.838592103,4,1,-0.37923967,8
0,0,1.466814372,4,1,-0.520613617,7
0,1,3.131257496,4,1,0.387292083,10
0,1,2.526776159,0,0,-0.226674096,10
0,0,1.217730427,2,0,0.568913103,9
0,1,2.664361931,0,0,1.167145657,9
0,1,2.606991785,1,1,0.131102539,8
0,0,3.436562054,0,0,-0.156087039,9
0,1,2.696396258,0,0,0.621488589,10
0,0,3.346797051,0,1,0.483803491,10
0,0,2.74238599,1,0,0.248615713,8
0,0,2.808760746,0,0,-0.155635524,8
0,0,1.724206785,1,1,0.504437535,9
0,1,3.680854667,1,0,0.007267255,9
0,1,2.131378472,1,1,0.456933222,8
0,0,4.156348969,0,0,0.960766148,9
0,0,0.731752478,0,0,-0.463264911,9
0,0,1.62124848,0,0,0.383063646,10
0,1,4.517745811,0,0,0.399142074,9
0,0,2.727958227,0,0,0.594331459,9
0,1,3.151910777,0,0,-0.093816883,8
0,0,3.065469364,0,0,-0.196282375,10
0,1,1.329435742,0,0,0.109210988,7
0,1,1.654368992,0,0,0.393731832,10
0,0,3.224310919,1,0,0.204328863,10
0,1,3.482035288,1,0,0.841755488,10
0,1,3.567030858,0,0,0.695906667,10
0,1,3.536661833,0,0,0.170201956,10
0,1,2.896358148,0,0,0.174978411,10
0,1,1.384979571,0,0,0.260511773,10
0,0,3.354112601,2,1,0.141813013,8
0,0,2.242798436,0,0,0.841624957,9
0,1,4.430407574,0,0,-0.24091563,10
0,0,4.642109155,0,1,0.515541775,8
0,0,3.062767875,0,0,-0.363781772,9
0,0,2.401374771,2,0,-0.506694676,9
0,0,4.263304045,0,0,-0.392902059,8
0,1,1.606790891,0,0,0.016459919,10
0,0,1.851070958,0,0,0.540488307,9
0,1,2.661477395,1,0,-0.599320259,8
0,0,4.833517828,1,0,1.643930773,9
0,1,3.096140469,1,0,-0.213593699,10
0,0,1.81587115,1,0,0.615486509,10
0,1,3.345977388,1,1,-0.231466628,9
0,1,2.191885777,0,0,0.655732165,9
0,1,2.171235617,1,0,0.393645831,10
0,1,2.413667,0,0,-0.505966744,9
0,0,2.358587151,2,0,0.018410893,10
0,1,3.809487506,1,0,0.808675169,5
0,0,2.121230495,1,0,0.016677493,9
0,1,2.835083841,0,0,0.731059379,8
0,1,3.054998022,0,0,-0.583162076,9
0,0,3.347257487,0,0,0.175736992,9
0,1,5.5627135,1,0,0.269430955,9
0,1,4.072275949,1,0,-0.255351269,10
0,1,3.985448481,0,0,0.098427083,9
0,1,1.327768842,0,0,0.505456983,9
0,1,2.636909055,0,0,-0.399840973,8
0,1,0.545669344,0,0,0.248729513,10
0,1,3.217629468,1,0,-0.991829403,10
0,0,1.288362773,0,0,-0.633100524,10
0,1,2.844371286,1,0,-0.207019431,9
0,1,3.229931779,0,0,0.861950227,9
0,1,3.28891336,0,0,0.423991958,9
0,0,4.096921681,0,0,-0.356462711,8
0,1,3.957371082,1,0,-0.276024684,9
0,1,2.730399129,0,0,-0.515318459,8
0,0,1.870307025,1,0,-1.093316539,6
0,1,2.100955156,1,0,-0.234191515,10
0,1,2.283004594,2,0,-0.97747407,9
0,0,1.885083964,1,1,0.151759626,10
0,0,4.015596244,0,1,-0.502636813,8
0,1,2.942530067,1,0,-0.061136497,10
0,1,2.707223872,0,0,0.015982166,9
0,0,3.181834013,0,0,-0.182717821,9
0,0,2.838194171,0,0,0.224880183,7
0,0,3.304392394,1,0,-0.111334063,10
0,1,3.214839464,0,0,-0.562416989,10
0,0,3.482441632,2,1,0.251873731,9
0,0,3.003382098,0,0,0.750419645,8
0,0,3.031861089,1,0,0.225808219,9
0,0,4.59508029,0,0,0.411544992,8
0,1,2.925858777,0,1,0.042237357,9
0,1,4.007754481,1,0,0.503611292,7
0,1,4.903457975,0,0,-0.653865082,9
0,1,2.258346243,0,0,-0.764016492,9
0,0,2.78317594,1,0,-0.427220562,10
0,1,3.140991395,0,0,-0.504037517,9
0,0,3.975421657,0,0,0.760138565,7
0,0,2.012598489,1,0,-0.257090029,9
0,1,3.607638023,0,0,-0.597133595,10
0,1,4.743876339,0,0,-0.269863423,8
0,1,1.737750093,2,0,-0.575708714,9
0,0,2.446443236,0,0,0.502953496,9
0,1,2.653281352,2,0,-0.189017812,10
0,0,3.682895575,1,0,-0.373235484,9
0,1,2.07278964,0,0,0.017281936,8
0,0,2.730141202,0,0,-0.274701679,10
0,1,1.867926175,0,0,-0.469963196,10
0,1,2.736631776,0,0,0.198658864,10
0,1,3.200691658,1,0,0.204610462,10
0,1,1.937038776,0,0,-0.103968009,7
0,0,3.282899514,0,0,-0.480566026,10
0,0,3.532482766,0,0,-0.562119452,6
0,0,4.342396955,1,0,0.004632057,9
0,1,3.593435583,1,0,0.170860378,9
0,0,4.304008299,0,1,1.233036914,8
0,1,2.881545205,1,0,0.688881788,9
0,1,3.501075293,1,0,0.503360385,9
0,0,2.240959824,1,0,0.229174137,9
0,1,4.029393321,2,0,-0.564028589,9
0,1,3.176999668,0,0,0.022670875,9
0,0,4.279832838,1,0,-0.638375721,10
0,1,1.118522179,1,0,-0.022642403,8
0,1,2.51172396,0,0,-0.584906663,8
0,0,0.331092754,1,0,-0.127105266,8
0,0,4.395824583,0,0,0.290949785,9
0,1,3.769178676,2,0,-0.215838211,9
0,0,4.142646455,0,0,0.369511107,9
0,0,3.39206493,0,0,-0.613291715,8
0,1,4.209523398,0,0,0.214436484,8
0,1,3.737175353,0,0,0.521022203,10
0,0,2.972753397,0,0,-0.019106095,10
0,1,3.162698187,1,0,-0.180017049,9
0,0,2.585464016,0,0,0.386018965,8
0,0,3.922230854,0,0,-0.36720408,8
0,0,3.183564877,0,0,1.374589123,8
0,0,3.765284618,0,0,0.23713691,10
0,1,4.794330287,1,0,-0.037612399,10
0,0,3.532947081,0,0,0.270156424,9
0,1,2.106913334,0,0,0.920027036,8
0,0,3.382929063,1,0,1.021444144,9
0,1,2.04073175,0,0,-0.56038093,9
0,0,1.855143077,1,0,-0.382453148,9
0,1,2.062398227,1,0,-0.211330694,10
0,1,2.341706633,0,0,-0.102575999,8
0,1,3.606060192,2,0,-0.219964717,10
0,0,2.158378104,0,0,-0.545397421,8
0,1,3.233260227,0,0,1.097665546,8
0,0,1.496920936,0,0,-0.173913951,7
0,1,4.632290234,0,1,-0.575270011,10
0,1,2.644071769,0,0,-0.210358126,9
0,1,3.619813395,0,0,-1.238785314,10
0,1,4.173183861,1,0,-0.276801098,9
0,0,1.67757405,0,0,0.111750278,9
0,0,3.838623876,1,0,-0.433968789,9
0,0,4.498674083,0,1,-0.178110157,9
0,0,3.932182888,0,0,0.157805867,9
0,0,3.40614697,0,0,-0.092573215,10
0,0,3.427236678,1,0,-0.125774195,8
0,1,2.589816544,1,0,0.870449051,8
0,1,1.871820836,2,0,0.282059556,9
0,1,4.006537675,0,0,-0.017169135,8
0,1,3.848816927,0,0,0.422258689,9
0,0,3.812988189,0,0,-0.145161587,9
0,1,3.128902364,1,0,-0.186963915,10
0,1,2.919063753,1,0,-0.623803252,9
0,0,2.542963542,1,0,1.165870647,8
0,1,2.608851548,0,0,1.399538735,10
0,0,3.22895515,2,0,0.717286468,8
0,1,3.515453381,1,0,-0.933511424,10
0,0,4.104894792,1,0,-0.423427139,9
0,0,2.582937506,0,0,0.227761606,10
0,1,2.837922355,0,0,0.218635233,10
0,1,0.949067855,0,0,-0.092244447,8
0,0,2.287951682,1,0,0.429291816,9
0,1,2.66152,0,0,-0.360746739,8
0,1,2.188685003,0,0,-0.224333902,10
0,0,3.203462712,0,0,-0.524762993,9
0,0,4.111255198,0,0,0.172086226,10
0,1,1.264754283,1,0,-0.146219257,8
0,1,1.606951526,0,0,0.262098579,9
0,0,3.101025853,0,0,-0.338957786,9
0,1,4.062090143,0,1,-0.150555585,8
0,0,3.343467644,2,0,0.966891792,10
0,1,1.86446654,0,0,0.718353432,9
0,1,3.079648974,0,0,0.54170715,8
0,0,2.682874747,0,0,0.034711206,8
0,1,2.948605689,2,0,-0.293324306,9
0,1,2.614924235,2,0,-0.879641487,10
0,1,3.034913043,1,0,0.289863972,10
0,0,2.087396224,0,0,-0.064997916,6
0,0,1.68260829,1,0,-0.389908595,9
0,1,3.589905827,0,0,-0.451830642,9
0,0,2.857065366,0,0,0.215709202,8
0,1,3.563474034,1,1,-0.029437343,10
0,0,3.43291757,0,0,-0.435728897,7
0,1,3.29188634,0,0,-0.383863181,9
0,1,1.758297237,0,1,-0.579436853,8
0,1,3.100134427,1,0,-1.145146735,9
0,0,2.610983347,0,0,1.277939625,9
0,0,2.73616471,0,0,0.462605875,9
0,0,4.935654422,0,0,0.013705803,9
0,1,3.517611683,1,0,0.568674677,9
0,1,3.179368696,1,0,0.050521127,10
0,0,2.639215483,0,0,-0.168815137,8
0,0,3.060583398,1,0,-0.190162224,8
0,1,3.033307579,0,0,0.033364617,9
0,0,3.315463408,0,0,-0.155072374,9
0,0,3.724846423,0,0,0.419629698,9
0,1,4.325936292,0,0,-0.365809734,8
0,0,2.831065535,1,0,0.04393514,9
0,1,1.637205453,0,1,-0.218924424,10
0,0,4.09935561,0,0,-1.187240803,10
0,0,2.297417829,1,0,-0.44603039,9
0,0,1.03311241,0,0,0.90014616,10
0,1,4.405595023,1,0,-0.113832799,10
0,0,3.562560895,0,0,-0.167641162,9
0,0,2.041406118,0,0,0.035244776,9
0,0,2.054105085,0,0,-0.866437875,9
0,0,3.016638077,0,0,0.168251649,9
0,1,3.687778998,1,0,0.021321486,10
0,0,2.073397016,0,0,0.359712744,9
0,1,1.770367766,0,0,0.167166443,8
0,1,4.288717668,0,0,-0.26527605,10
0,0,3.657997237,0,0,0.687546291,8
0,0,2.67308525,1,0,0.578160305,10
0,0,2.560633961,0,0,0.650124538,9
0,0,4.712470947,1,0,-0.870788208,9
0,1,3.118100996,1,0,0.011393106,10
0,1,1.865684425,0,0,0.192234781,9
0,0,2.507337779,0,0,0.060086879,9
0,0,2.797260052,0,0,-0.690792805,10
0,0,4.140145723,1,0,0.23027884,10
0,1,2.287937931,0,0,-0.353103277,10
0,0,2.569650107,1,0,-1.226173773,9
0,1,3.512245755,1,0,0.255297189,7
0,0,4.438157741,0,0,0.066192209,10
0,0,2.130192435,1,0,-0.712959333,9
0,0,3.745789872,0,0,0.261354253,8
0,1,3.035130142,0,1,-0.290343246,9
0,0,2.306586739,0,0,0.321484348,9
0,0,3.564791017,2,0,-0.278155206,10
0,1,1.880216912,2,0,0.002046464,10
0,1,2.886403762,1,0,-0.315778836,10
0,0,3.127962315,1,0,-0.005276217,9
0,1,2.256838937,0,0,0.536514438,9
0,1,3.163746589,1,0,0.256446,9
0,1,2.843509598,1,0,0.048291373,10
0,0,5.066691147,0,0,-0.54324874,8
0,0,4.449217526,0,1,-0.175088024,8
0,0,2.24135143,1,0,0.661641982,8
0,1,4.92633478,0,0,0.052825946,9
0,0,3.994954877,1,0,-0.559854148,10
0,1,2.214306531,1,0,-0.900077051,10
0,0,1.705692449,1,0,0.317994778,9
0,1,2.074571175,0,0,-0.089101297,9
0,1,2.457917671,1,1,-0.084386876,10
0,0,2.60864117,0,0,-0.677278232,8
0,1,3.255870259,0,0,-0.360601332,9
0,0,2.737552207,0,0,0.103184093,10
0,0,3.006032014,1,0,-0.407005022,10
0,1,1.424291201,0,0,-0.384558355,8
0,1,-2.544367647,3,1,0.278743115,1
0,0,-3.1837013,4,1,0.176020409,0
0,0,-2.031950032,3,1,-0.657126844,1
0,0,-3.862760768,3,1,-0.4834675,0
0,1,-2.426309504,3,1,-0.219461236,1
0,0,-3.449211944,4,1,-0.270676936,0
0,1,-1.600069426,4,0,-0.085834026,1
0,0,-3.243178718,4,1,0.160930466,0
0,1,-3.195919298,4,1,-0.499695674,1
0,1,-3.19647921,4,1,-0.44005418,0
0,1,-4.964837959,4,1,-0.298092374,2
0,1,-3.154553334,2,1,-0.089110004,1
0,1,-1.950967584,1,1,-0.093091799,0
0,0,-2.377262942,4,1,-0.052536785,0
0,0,-3.938506981,4,1,0.229659231,0
0,1,-3.271946066,4,1,-0.013085757,0
0,0,-2.851849507,3,1,0.061190386,1
0,1,-4.535692563,3,1,0.59321125,0
0,1,-1.343144654,3,1,-0.651340493,0
0,0,-2.008733986,4,1,0.36243218,0
0,1,-3.753243391,3,1,-0.668568937,2
0,1,-2.969649956,3,1,-0.090114779,1
0,0,-3.646719532,2,1,0.276926867,0
0,1,-2.392355352,4,1,0.550785545,3
0,0,-3.940259621,3,1,-0.443805419,0
0,1,-5.452727139,4,1,-0.793755663,0
0,0,-1.515116928,4,1,-0.027375954,1
0,0,-3.243741991,4,1,0.517722826,0
0,1,-1.86667953,3,1,-0.208012582,1
0,0,-3.398913102,2,1,-0.063421855,2
0,1,-2.547115912,4,1,0.224671623,2
0,0,-3.031234193,4,1,-0.908454417,0
0,0,-3.994405614,4,1,0.06201966,0
0,0,-2.59392203,2,1,0.183625724,3
0,0,-1.5326056,3,1,0.383540205,1
0,0,-2.647561558,4,1,0.717747381,1
0,1,-2.181004627,4,1,-0.115689641,2
0,1,-3.756176248,3,1,0.018627251,1
0,0,-3.355883385,4,1,0.008342105,0
0,1,-0.04577756,4,1,-0.644697548,1
0,1,-2.457135353,3,1,-0.350984783,0
0,1,-1.265091271,4,1,0.29702717,2
0,0,-2.132986266,3,1,0.158109021,0
0,1,-3.994952582,4,1,1.147725341,0
0,0,-2.821428594,3,1,-0.140819028,0
0,1,-2.131595383,4,1,0.323908115,1
0,0,-4.976042458,3,1,0.140085706,1
0,1,-3.740046954,4,1,0.436573996,0
0,0,-3.918591945,4,1,0.317022744,0
0,0,-3.793907371,3,1,-0.332662635,0
0,1,-2.092132257,3,1,0.022360185,3
0,1,-5.969929544,3,1,-0.184989765,2
0,0,-3.626157606,2,1,0.315930041,0
0,1,-2.986452438,3,1,0.972029676,1
0,1,-3.760818918,3,1,0.403906336,1
0,0,-0.516332477,4,0,0.286310249,0
0,1,-4.291282892,4,1,-0.871335593,1
0,1,-4.003192863,4,1,-0.269756154,2
0,0,-3.150871826,3,1,-0.012285525,2
0,0,-3.109737555,4,1,-0.455495055,0
0,0,-1.100894766,4,1,0.181170226,0
0,0,-3.300433125,4,1,-0.281360636,1
0,0,-2.327473434,4,1,0.844043207,0
0,1,-2.153923764,4,1,0.609163392,1
0,1,-4.359232159,3,1,1.000475724,1
0,1,-3.540756213,3,1,0.155363887,0
0,1,-2.894215171,3,1,-0.476412567,0
0,1,-3.176802654,4,0,0.61441726,0
0,0,-4.348642293,4,1,-0.424333048,1
0,1,-2.559508213,4,1,-0.464589461,1
0,1,-2.191011571,4,1,0.098673257,0
0,1,-2.740660069,3,1,0.433483005,1
0,0,-4.843031775,4,1,0.012480147,2
0,0,-3.247519562,3,1,-0.148191374,1
0,1,-3.349687631,3,1,0.250276188,0
0,1,-3.019261471,4,1,1.090754349,1
0,0,-2.827620938,4,1,-0.176624766,0
0,1,-4.128886319,4,0,0.803265236,1
0,1,-4.154415025,4,1,-0.625566459,0
0,0,-1.602926784,4,1,0.022032326,1
0,0,-3.395479262,4,1,-0.024568788,0
0,1,-3.614079619,3,1,0.128977353,3
0,1,-3.091793268,4,1,-0.605784002,1
0,1,-2.962279214,4,1,1.170181111,0
0,1,-3.020167987,4,1,0.874626497,1
0,0,-2.848015346,4,1,-0.262937986,0
0,1,-1.8200967,3,1,-0.707446181,2
0,0,-2.706462034,4,0,0.850872961,2
0,0,-3.462469667,4,1,-0.012803324,0
0,1,-3.142440446,4,1,0.639747401,1
0,1,-3.712315255,4,1,-0.823570576,2
0,0,-4.140626128,4,1,-0.337332891,4
0,0,-1.448439034,4,1,1.593197097,1
0,1,-4.588823177,4,1,-0.340109059,2
0,0,-3.515682636,4,1,0.443213414,2
0,1,-3.335505566,3,1,0.156139121,2
0,1,-4.08262929,3,1,-0.031926317,0
0,1,-3.529911226,3,1,-0.598502421,1
0,1,-1.966540552,4,1,-0.518058252,1
0,1,-3.416017725,4,1,0.270468691,3
0,1,-3.715690145,4,1,-0.057582512,0
0,0,-2.448885107,4,1,0.936651421,0
0,0,-2.719753609,4,1,-1.191953042,1
0,0,-3.702892709,4,1,1.021378476,1
0,0,-2.334912028,3,1,0.102565421,3
0,0,-1.35979645,3,1,0.254059848,1
0,0,-3.02591401,3,1,0.583669345,1
0,1,-4.417725165,2,1,-0.950662578,2
0,0,-4.287687918,4,1,0.026587596,2
0,1,-2.815224575,4,1,0.45921036,0
0,1,-3.899945104,4,1,-0.266443644,1
0,0,-2.890067103,4,1,0.226817725,1
0,0,-1.562362169,3,1,0.431866673,2
0,0,-1.145073101,4,0,0.372810129,2
0,0,-3.007803748,4,1,-0.484748193,3
0,0,-3.74204796,3,1,-0.125794842,1
0,0,-3.477444306,4,1,0.083282013,0
0,0,-2.956605099,4,1,0.110075485,2
0,1,-3.155762036,4,1,-0.884881895,1
0,1,-3.9204807,4,1,-0.349547726,0
0,1,-2.399988299,4,1,-0.390814717,1
0,0,-3.046291808,4,1,0.018501878,0
0,0,-1.040055322,4,1,-0.399428402,0
0,0,-3.114093136,3,1,-0.302931671,0
0,0,-1.810959924,4,1,0.236881971,2
0,0,-3.533757991,4,1,-0.508657072,0
0,0,-2.747820515,4,1,-1.056263087,1
0,1,-0.907923411,4,1,-0.233174896,3
0,1,-4.581830023,4,1,-0.633023988,0
0,1,-3.613648769,3,1,-0.158334708,1
0,1,-2.139186329,3,1,1.134357645,0
0,1,-2.169032115,3,1,0.201539677,0
0,1,-0.679431083,4,1,-0.011682836,2
0,0,-3.485314533,4,1,-0.011633645,1
0,1,-1.091901479,4,1,1.023050793,0
0,0,-2.330218528,4,1,0.676538129,2
0,0,-3.2434536,4,1,0.296720168,1
0,1,-3.571905675,4,1,0.101924183,0
0,1,-4.039110061,4,1,-0.216697094,2
0,1,-3.297996965,4,1,-0.089527086,1
0,1,-2.074245129,3,1,-0.32564182,1
0,0,-3.970552683,4,0,-0.708035058,0
0,0,-3.056095235,4,1,-0.453897172,2
0,1,-1.426692087,4,1,0.737062679,3
0,1,-3.573782027,3,1,-0.321729068,2
0,0,-3.531669033,4,1,0.042549111,1
0,0,-2.885191359,3,1,-0.045785754,1
0,1,-2.606244386,4,1,-0.165069612,0
0,0,-4.00584349,4,1,0.787979426,1
0,1,-4.578673877,2,1,-0.533664756,0
0,1,-2.922678718,3,1,-0.215432681,1
0,0,-3.355469637,4,1,0.347589864,1
0,0,-3.467953379,4,1,-0.069317892,1
0,0,-4.072260538,2,0,0.140220694,0
0,0,-2.615328932,4,0,-0.464728314,1
0,1,-2.419928347,4,1,0.576492782,1
0,0,-4.269570111,4,1,0.40002061,1
0,1,-1.956660127,4,1,0.383677416,3
0,0,-2.910299492,4,1,0.536697788,1
0,1,-3.384789097,3,1,-1.14423317,2
0,1,-0.789053721,4,1,-0.39376273,2
0,0,-1.576264172,4,1,0.071803602,1
0,1,-2.461387464,4,1,0.919160431,0
0,1,-2.826928818,4,1,0.105550012,0
0,0,-4.265596189,4,1,0.252320757,3
0,1,-5.410231801,3,1,0.278797366,2
0,1,-3.530159195,3,0,0.030322488,1
0,0,-3.998652984,4,1,0.56834553,2
0,0,-3.255675154,4,1,-0.420147224,1
0,1,-1.558400333,4,1,0.112081579,1
0,0,-4.093646961,4,0,-0.353209292,0
0,0,-3.7850233,3,1,-0.318757558,1
0,1,-3.644211401,3,1,0.514124681,3
0,0,-3.388472794,4,1,-0.569444236,2
0,1,-4.283133195,4,1,-0.346645325,0
0,1,-3.213263639,4,1,0.572862375,1
0,0,-1.48580585,3,1,-0.063202333,1
0,0,-3.240713105,4,1,-0.311776202,1
0,0,-0.61595011,3,1,0.190190319,1
0,1,-1.293478533,4,1,-0.609996473,1
0,1,-0.467282349,4,1,0.227660509,1
0,0,-1.798081308,4,1,-1.284152552,1
0,0,-0.781082302,4,1,0.130659244,0
0,0,-1.021696717,3,1,0.527924504,2
0,1,-3.66322435,4,1,0.760196968,1
0,1,-2.705143629,4,0,0.620549104,0
0,0,-2.822715106,3,1,-0.096797619,0
0,1,-3.646171278,3,1,-0.635427735,0
0,1,-3.427559919,4,1,0.98192624,1
0,0,-1.591182605,4,1,-0.143147426,0
0,0,-1.237415104,4,1,-0.729022644,1
0,1,-3.388194986,4,1,-1.10068996,1
0,1,-3.833153617,4,1,-0.342809778,0
0,0,-2.176387996,4,1,-0.637170677,0
0,1,-2.862095951,4,1,0.095029252,1
0,0,-3.264174475,4,0,0.23676832,2
0,0,-2.043391898,3,0,0.502177725,0
0,1,-3.330771329,3,1,0.425319909,0
0,0,-3.42945876,4,0,-0.45711096,0
0,1,-4.680561259,4,0,-0.401896091,2
0,0,-1.871834611,4,1,-0.189062924,2
0,1,-1.577341499,4,1,0.170722563,1
0,0,-2.075360519,4,1,-0.255049327,1
0,1,-3.052136082,3,1,0.026688912,2
0,0,-3.158501162,4,1,-0.572398257,2
0,1,-2.360227894,3,1,0.457730683,3
0,1,-2.860587684,3,1,0.204791227,0
0,1,-2.706772019,3,1,-0.003857447,0
0,0,-4.244153798,3,1,0.253508455,0
0,0,-3.384202508,3,1,-0.061728818,1
0,1,-3.06063629,4,1,-0.75243126,1
0,0,-2.978564384,4,1,-0.052719261,0
0,1,-1.940741047,4,1,-0.089505351,0
0,0,-3.592126324,4,1,0.391583019,2
0,0,-2.611538134,4,1,-0.124445938,0
0,1,-1.766863725,4,1,0.155947287,2
0,1,-3.676568728,3,1,0.429911741,1
0,0,-2.67807479,3,1,0.192349782,0
0,1,-1.782940208,4,1,0.370288198,1
0,0,-4.777503297,3,1,-0.12305864,1
0,1,-4.129947864,3,1,-0.279417376,5
0,1,-4.195205174,3,1,0.134229141,2
0,0,-2.774839755,2,1,-0.304303684,0
0,0,-1.683096405,4,1,-0.101937692,1
0,1,-3.391823122,4,1,-0.255056252,0
0,1,-3.025792282,4,1,-0.045726412,2
0,0,-3.756487906,4,1,-0.41887684,1
0,1,-2.344975006,4,1,-0.003850247,1
0,1,-3.550757478,4,1,1.005125121,0
0,1,-3.421376894,4,1,-0.745205796,3
0,1,-3.513195637,4,0,0.407327651,1
0,1,-4.182109885,3,1,0.073034563,0
0,0,-1.675701904,4,1,0.521387209,0
0,1,-2.724043333,4,1,0.724872756,0
0,0,-4.419545918,4,1,0.005011916,1
0,1,-3.67631937,4,1,0.088873396,3
0,1,-3.59345153,3,1,-0.608617938,1
0,0,-4.226428578,3,1,-0.206735094,1
0,0,-3.352409741,4,1,0.094151244,0
0,1,-4.800917324,4,1,-0.438835918,1
0,1,-2.593336451,4,0,-0.081669379,1
0,1,-2.180708148,4,1,-0.098804904,2
0,1,-3.921550247,4,1,-0.322171466,0
0,0,-0.381142232,3,1,0.148041171,0
0,1,-3.214983085,3,0,-0.917726218,1
0,1,-2.924725653,3,1,0.329658279,0
0,1,-3.415353297,4,1,0.051971149,2
0,0,-3.4434499,3,1,-0.201642792,5
0,0,-2.966232432,3,1,-0.05018491,1
0,0,-1.367457094,3,1,-0.00960852,0
0,0,-3.671736845,0,0,0.011751549,1
0,0,-2.728107156,0,0,0.098089523,0
0,1,-2.947435758,0,0,0.626682383,1
0,0,-3.582156581,0,0,-0.656947709,2
0,1,-3.82139645,0,0,0.037670744,0
0,1,-2.51047499,0,1,-1.04555699,1
0,0,-3.049507686,0,0,-0.423469187,0
0,1,-2.560267678,0,0,0.234354406,1
0,1,-1.2265712,0,1,-1.0980044,0
0,0,-3.550046904,0,0,0.210568913,1
0,0,-3.609967902,1,0,0.373323429,2
0,0,-3.747152227,1,0,-0.921053686,0
0,1,-3.095309783,1,0,0.353506575,0
0,1,-3.243975798,0,0,-0.670767716,2
0,0,-1.141709986,0,0,-0.548461632,2
0,0,-4.320280194,0,0,0.668943414,1
0,1,-3.714896698,1,0,-0.743600999,0
0,0,-3.207156686,0,0,0.327856803,2
0,0,-4.062109574,1,0,-0.014576211,0
0,1,-4.134898378,0,0,-0.767514495,0
0,0,-3.318828794,1,0,0.353702172,0
0,1,-1.470084391,2,0,-0.198590295,1
0,1,-1.501439769,0,0,0.0381658,1
0,0,-1.36631793,0,0,-0.241249203,0
0,0,-3.767467726,0,0,-1.027126452,1
0,0,-3.795083681,1,0,-0.100185804,0
0,1,-2.077916723,1,0,-0.054959424,1
0,1,-3.755746644,0,0,-0.487184004,1
0,1,-2.506705799,0,0,0.347996811,1
0,0,-2.408761407,1,0,-0.75133192,0
0,0,-4.277963564,0,0,-0.551452856,1
0,0,-2.609186296,1,0,-1.21765746,0
0,1,-0.397617496,1,0,0.245568543,2
0,1,-3.266872418,0,0,-0.428782803,1
0,0,-2.276233476,0,0,-0.076947385,2
0,1,-2.778474615,2,0,-0.312400369,0
0,0,-2.457087723,1,0,0.489135674,1
0,1,-2.133900895,0,0,0.137925227,1
0,1,-2.950685131,0,0,-0.126053942,0
0,0,-2.762639473,0,0,0.408897426,1
0,0,-4.697920122,0,0,0.165012847,0
0,0,-2.952003923,0,0,-0.121593025,1
0,1,-2.830771106,0,0,-0.54127812,2
0,0,-0.603723698,0,0,0.233363226,2
0,0,-3.674080738,1,0,0.117344958,0
0,0,-2.839198873,1,0,-0.80270867,0
0,0,-3.55952367,0,0,0.789331442,1
0,0,-3.141600868,1,0,-0.055669586,0
0,0,-2.944267693,1,0,-0.453007522,1
0,0,-2.625575544,0,0,-0.409739544,1
0,1,-3.372517177,0,0,-0.601940827,0
0,0,-3.087554317,1,0,-0.271779735,1
0,0,-2.591776906,0,0,-0.101250022,0
0,1,-2.081746092,0,1,-0.52817592,2
0,0,-5.186406142,0,0,0.377833134,0
0,1,-2.171508351,0,0,-0.803691314,1
0,1,-3.810124059,1,0,0.086508632,1
0,1,-4.04659832,1,0,-0.348505155,1
0,1,-3.81442037,0,0,-0.474946118,4
0,1,-2.448952928,0,0,-0.763953672,0
0,0,-4.016793114,2,0,-0.779571531,0
0,1,-2.482749498,0,0,0.122130807,2
0,0,-3.76275676,0,0,0.056483621,2
0,1,-1.743342195,0,0,-0.169710868,1
0,1,-3.854001426,0,0,0.17425835,0
0,0,-2.277579743,0,0,-0.962484724,0
0,1,-3.33394163,1,1,-0.037035585,1
0,0,-5.014082266,0,1,-0.628436781,0
0,0,-1.985403837,0,0,-0.18887554,1
0,1,-3.334379233,0,1,-0.045515403,1
0,0,-3.148781089,0,0,1.044907931,1
0,1,-2.895122153,0,0,0.917694671,1
0,1,-3.147973998,1,0,0.121453945,2
0,1,-4.297313694,0,0,-0.161358845,1
0,1,-2.891007624,0,0,-0.354439898,1
0,0,-0.42392297,0,0,0.616748208,1
0,1,-3.202032578,0,1,-0.20573862,0
0,1,-4.407505455,0,0,0.102402856,0
0,0,-4.740835442,0,0,-1.112920557,1
0,1,-3.428609611,0,0,0.577439916,0
0,1,-3.941261452,0,0,-0.80363071,1
0,0,-2.544972729,0,0,-0.058918893,0
0,1,-3.180057955,1,0,-0.451424472,2
0,1,-3.303384399,0,0,0.19793526,0
0,0,-2.743868699,0,0,0.310881089,0
0,1,-4.272657065,0,0,-0.329552722,0
0,0,-2.154974767,0,0,0.448438493,2
0,1,-1.207371473,1,0,-0.227280572,1
0,1,-2.197346752,0,0,0.420313735,2
0,1,-3.535349237,2,1,0.835273889,0
0,0,-3.191445896,1,0,-0.223379405,1
0,1,-3.986672168,0,0,0.708650713,0
0,1,-2.50612228,0,0,-0.020640397,0
0,0,-4.245935707,0,0,0.539750013,3
0,1,-1.366718834,0,0,-0.476405407,0
0,1,-3.517172407,1,1,-0.10027881,2
0,0,-0.99727298,0,0,1.459816895,1
0,1,-3.479665397,0,1,-0.003830498,1
0,0,-2.050373213,0,0,0.483755062,0
0,1,-1.727856153,1,0,0.43185131,0
0,0,-1.78620039,0,1,0.330210889,1
0,1,-2.948557287,0,0,1.144890754,3
0,0,-1.183845031,1,0,0.20615973,0
0,1,-2.339180688,1,0,-0.500947939,1
0,0,-2.64746872,0,0,0.027706174,1
0,1,-4.22772366,1,0,-0.575558096,1
0,0,-1.343703699,1,0,0.205896915,2
0,1,-1.828518042,0,0,-0.404701529,1
0,0,-4.178953371,0,0,-0.606269318,1
0,0,-4.787763704,0,0,0.32137973,0
0,1,-2.448312878,2,0,0.576530492,2
0,0,-3.353683747,0,0,1.143939931,1
0,1,-1.36807344,0,0,0.54059953,0
0,0,-4.132369499,0,0,-0.147216084,0
0,0,-3.400099142,0,0,-0.097864052,1
0,0,-2.912949238,0,1,0.465989642,2
0,1,-2.418001643,0,0,0.036822702,1
0,0,-4.80816191,1,1,-0.412127275,0
0,1,-3.210253833,0,0,0.463354491,1
0,1,-2.015068538,1,0,-0.301982996,2
0,1,-2.87164218,1,0,-0.512080074,1
0,0,-1.039413416,0,0,-0.942273974,2
0,0,-1.998398689,0,0,-0.209315171,1
0,1,-1.095977671,0,0,-0.063694978,1
0,0,-3.42371038,1,0,0.150480512,1
0,1,-4.288940978,0,0,0.567035512,1
0,0,-2.919986265,0,0,0.263862034,0
0,1,-3.689837254,0,0,0.295110128,3
0,1,-2.683350668,0,0,0.480920723,1
0,1,-3.538919956,0,0,1.637307082,1
0,1,-2.597181789,1,0,0.070504754,3
0,1,-3.039219563,1,0,-0.250691821,2
0,1,-4.658450278,0,0,0.2264636,0
0,0,-1.667180273,0,0,-0.834547283,1
0,1,-4.64435826,1,0,0.231670288,2
0,0,-2.665387041,1,0,-0.061879813,2
0,1,-3.954375801,1,0,-0.509070932,0
0,1,-1.1208248,0,0,0.7921984,0
0,1,-3.535597299,1,1,-0.196516091,0
0,0,-3.441989037,1,0,-0.262919417,1
0,0,-4.386436012,2,1,-1.06661574,3
0,0,-1.871404436,0,0,0.384389796,1
0,0,-3.892797239,0,0,-0.77351974,1
0,0,-1.743657415,0,0,0.357349853,1
0,0,-4.172577669,0,0,0.089218181,1
0,1,-2.596264424,0,0,0.409664925,0
0,1,-2.817912771,0,0,0.345997261,1
0,1,-0.667626659,1,1,-0.173829942,1
0,0,-2.579148169,0,0,0.334548253,0
0,0,-3.014229119,1,0,-0.927042827,1
0,0,-3.937632647,0,0,0.455161274,1
0,0,-2.873862109,1,1,-0.091693348,0
0,1,-1.780291928,1,1,0.904798227,1
0,0,-3.527328242,1,0,0.199543545,0
0,1,-3.545377957,0,0,0.450284729,1
0,1,-3.456249592,0,0,-0.580607699,0
0,0,-2.932555701,0,1,-0.553418093,0
0,0,-2.141499272,0,0,0.268154756,0
0,0,-4.899918506,2,0,-0.582735314,2
0,0,-2.857980004,2,0,0.120034622,1
0,1,-2.913809719,0,1,0.241931995,1
0,1,-1.176771935,1,0,0.500250053,1
0,0,-2.403123328,1,0,0.015843153,1
0,0,-2.429801626,2,1,-0.093042142,5
0,0,-3.139668414,0,0,0.735103733,2
0,1,-2.828064111,1,1,0.709340376,1
0,1,-2.095049751,1,0,-0.071470276,0
0,1,-3.263609442,0,0,0.160609654,0
0,1,-1.392795026,2,0,0.76134796,1
0,1,-1.977626306,0,0,0.701969537,1
0,0,-2.674138254,0,0,0.407199643,1
0,0,-3.412092588,0,0,-1.328423749,0
0,0,-2.569945307,0,1,0.027384291,1
0,0,-4.720112052,1,0,-0.083994485,2
0,0,-1.712440385,0,0,-0.235978302,1
0,1,-4.82768956,1,0,-0.886388396,0
0,0,-2.725658708,0,0,0.467309996,2
0,0,-3.112789466,1,0,0.627353575,3
0,1,-2.865690883,1,0,-0.180916286,0
0,0,-2.058218988,1,0,0.306918631,0
0,1,-4.515600472,0,0,0.329615071,0
0,0,-4.177262128,1,0,-0.083850776,1
0,1,-2.821980834,1,0,0.097024824,1
0,1,-1.945000305,0,1,0.323302234,0
0,1,-3.357151774,0,1,0.456364401,0
0,1,-1.549115973,0,0,-1.011230482,1
0,0,-3.888365061,0,0,-0.315536024,1
0,0,-2.210600012,0,1,0.076867535,0
0,0,-3.144928711,1,0,0.921575301,3
0,1,-2.264317195,0,0,-0.198798574,1
0,1,-4.109372014,1,0,0.161863429,1
0,0,-2.95473159,1,0,0.247879734,2
0,1,-1.987414314,0,0,0.528446114,3
0,1,-4.497246792,0,0,-0.103577413,0
0,0,-5.305126414,1,0,0.780423934,2
0,0,-1.977041679,1,0,0.465612558,1
0,0,-5.053502093,0,0,0.193912919,2
0,0,-3.400595273,0,1,-0.631330358,3
0,0,-3.92167022,0,0,-0.04002053,1
0,1,-2.190156017,0,1,-0.722531687,1
0,0,-3.73884451,1,0,0.584756003,0
0,1,-1.816771192,0,0,0.109366079,0
0,0,-2.599262511,0,0,0.52027147,0
0,0,-1.558068439,0,0,-0.212613392,0
0,1,-3.35280527,0,0,0.428273729,1
0,0,-1.996989897,0,0,0.810086334,2
0,1,-3.816199084,0,0,-0.166396168,2
0,1,-2.643021739,0,0,0.013464885,1
0,1,-1.482780104,0,0,0.169491272,1
0,0,-2.998428869,0,0,-0.134858494,1
0,0,-3.095859978,1,1,-0.072571982,0
0,0,-3.796842455,1,0,0.052023215,0
0,0,-3.334170857,0,0,0.616835598,1
0,0,-2.641026825,0,0,-0.05304991,0
0,0,-2.873414784,0,0,0.513730148,0
0,1,-2.571380703,0,0,0.035813109,3
0,0,-3.634832828,0,0,0.32632189,0
0,1,-3.283582931,0,0,0.503475229,1
0,0,-1.759394221,0,0,-0.199108664,0
0,1,-3.527992035,1,0,0.34734168,1
0,0,-3.523739717,0,0,0.064267994,2
0,0,-3.414878906,0,0,-0.472685804,1
0,1,-3.924753947,1,0,-0.565283581,1
0,0,-3.957476899,1,0,0.174678355,1
0,0,-1.68322295,1,0,0.316778934,0
0,1,-3.151914197,0,0,-0.002884424,1
0,0,-2.149445172,1,1,0.014170971,2
0,1,-1.436790374,0,0,0.858262633,0
0,1,-1.77949366,1,0,-0.899491184,2
0,1,-3.631550308,0,0,0.815148575,1
0,1,-3.314014017,1,0,0.104310093,1
0,0,-4.656648577,1,0,0.441612079,1
0,0,-3.211027386,1,0,-0.828541439,1
0,1,-1.286550325,1,0,0.408026928,1
0,0,-2.521942585,0,0,-0.491519667,1
0,0,-3.838550114,1,1,-0.652082205,0
0,1,-2.494320124,0,0,0.593647822,1
0,1,-3.476505701,0,0,0.132753627,1
0,0,-1.817878713,1,0,-0.880635125,2
0,1,-3.137869861,1,0,0.622229917,1
0,1,-5.15212809,1,0,0.565174104,0
0,0,-3.500035243,1,0,-0.166527342,0
0,0,-1.835376728,2,0,0.668018438,2
0,0,-3.271700395,0,0,0.522553963,1
0,1,-2.295641335,0,0,-0.095544702,0
0,0,-3.838769536,0,0,0.324832095,0
0,1,-3.929225205,0,0,-0.085266168,1
0,0,-4.128680043,0,0,-0.635697946,0
0,1,-3.073361714,1,1,0.287198964,0
0,0,-3.756083001,0,0,0.528327423,1
