Date,Open,High,Low,Close,AdjClose,Volume
17/08/2017,18.755413,18.982735,18.629124,18.634735,18.634735,1649779
18/08/2017,18.59264,18.800316,18.502834,18.7498,18.7498,1365789
21/08/2017,18.735767,18.859251,18.54493,18.822767,18.822767,2904752
22/08/2017,19.094992,19.355989,19.036057,19.283024,19.283024,3897113
23/08/2017,19.123056,19.428959,19.123056,19.420538,19.420538,3052626
24/08/2017,19.428959,19.675924,19.428959,19.622602,19.622602,3006304
25/08/2017,19.931311,20.374727,19.8836,20.133373,20.133373,8583128
28/08/2017,20.122147,20.531887,20.063211,20.430855,20.430855,3551479
29/08/2017,20.312984,20.565563,20.035149,20.470144,20.470144,2672428
30/08/2017,20.512241,20.851822,20.484179,20.832176,20.832176,3611698
31/08/2017,20.896725,21.048271,20.849014,21.028625,21.028625,4385990
01/09/2017,21.042658,21.067917,20.893917,20.980917,20.980917,4858475
05/09/2017,20.871466,21.076336,20.742371,20.992144,20.992144,5303880
06/09/2017,21.048271,21.087561,20.952852,20.958466,20.958466,7478880
07/09/2017,20.907949,21.14369,20.846209,20.89953,20.89953,7320316
08/09/2017,20.874271,21.121239,20.823755,20.840595,20.840595,4231701
11/09/2017,21.081947,21.219463,21.008982,21.177366,21.177366,5352340
12/09/2017,21.188593,21.40469,21.12685,21.399076,21.399076,4059953
13/09/2017,21.401882,21.589912,21.368204,21.533785,21.533785,4696704
14/09/2017,21.530977,21.803204,21.491688,21.71059,21.71059,5563996
15/09/2017,21.682526,21.727428,21.564655,21.603947,21.603947,12313125
18/09/2017,21.56185,21.730234,21.494495,21.567463,21.567463,3515847
19/09/2017,21.603947,21.676912,21.438366,21.559044,21.559044,3352294
20/09/2017,21.550623,21.651655,21.477655,21.56185,21.56185,5695123
21/09/2017,21.491688,21.643236,21.244722,21.497301,21.497301,2662808
22/09/2017,21.508528,21.612366,21.452398,21.612366,21.612366,3148477
25/09/2017,21.530977,21.595526,21.211044,21.309271,21.309271,5187718
26/09/2017,21.469236,21.491688,21.309271,21.362593,21.362593,8079642
27/09/2017,21.472042,21.761106,21.472042,21.643236,21.643236,4617956
28/09/2017,21.637623,21.704977,21.488882,21.651655,21.651655,3929539
29/09/2017,21.696558,21.777945,21.626396,21.668493,21.668493,4027884
02/10/2017,21.676912,22.01088,21.674107,21.873363,21.873363,5107902
03/10/2017,21.887396,22.081039,21.862139,21.965977,21.965977,4300828
04/10/2017,21.968782,22.013685,21.811623,21.951944,21.951944,4130149
05/10/2017,22.030523,22.221361,21.960363,22.182072,22.182072,4806095
06/10/2017,22.07262,22.187683,21.98562,22.182072,22.182072,4832820
09/10/2017,22.207329,22.31678,22.170847,22.243813,22.243813,2616842
10/10/2017,22.322393,22.398167,22.134361,22.193296,22.193296,3383651
11/10/2017,22.196104,22.311169,22.134361,22.271877,22.271877,4204977
12/10/2017,22.305555,22.580585,22.294329,22.532875,22.532875,4101287
13/10/2017,22.597424,22.720907,22.535683,22.642326,22.642326,3269627
16/10/2017,22.667585,22.869648,22.645132,22.760197,22.760197,4104850
17/10/2017,22.774229,22.858423,22.67881,22.729326,22.729326,3295639
18/10/2017,22.771423,22.928583,22.760197,22.830359,22.830359,7860859
19/10/2017,22.807907,22.942616,22.709681,22.911745,22.911745,5617088
20/10/2017,23.012777,23.153097,22.962261,23.080132,23.080132,4080620
23/10/2017,23.130648,23.341129,23.125034,23.212034,23.212034,4089172
24/10/2017,23.200808,23.363581,23.161518,23.363581,23.363581,3689020
25/10/2017,23.24571,23.391645,23.043648,23.181164,23.181164,4773314
26/10/2017,23.223259,23.349548,23.186775,23.285002,23.285002,2828142
27/10/2017,23.366388,23.568451,23.254129,23.540386,23.540386,3460973
30/10/2017,23.520742,23.540386,23.268162,23.335518,23.335518,2744762
31/10/2017,23.352354,23.383226,23.130648,23.228872,23.228872,7310339
01/11/2017,23.383226,23.383226,23.024002,23.125034,23.125034,3965171
02/11/2017,23.068905,23.077326,22.793875,22.973486,22.973486,3752446
03/11/2017,22.922972,22.97068,22.580585,22.695648,22.695648,3463467
06/11/2017,22.732134,23.077326,22.704069,22.878069,22.878069,4700267
07/11/2017,22.945421,23.203613,22.937002,23.147486,23.147486,3366904
08/11/2017,23.038034,23.24571,22.976294,23.099775,23.099775,3046212
09/11/2017,22.85281,23.066099,22.636715,22.979099,22.979099,4332897
10/11/2017,22.920164,23.181164,22.906132,23.17555,23.17555,2737992
13/11/2017,22.981907,23.12784,22.855616,22.959454,22.959454,3760998
14/11/2017,22.900518,22.993132,22.816326,22.869648,22.869648,4054965
15/11/2017,22.709681,22.768618,22.361683,22.527264,22.527264,5543329
16/11/2017,22.664778,23.012777,22.642326,22.824745,22.824745,4502864
17/11/2017,22.782648,22.981907,22.701262,22.869648,22.869648,3988332
20/11/2017,22.866842,23.077326,22.791067,22.805099,22.805099,4439438
21/11/2017,22.805099,23.259743,22.729326,23.077326,23.077326,6649358
22/11/2017,23.046453,23.125034,22.642326,22.673199,22.673199,5280006
24/11/2017,22.676004,22.841583,22.426231,22.718102,22.718102,2993120
27/11/2017,22.76581,23.054873,22.718102,22.987518,22.987518,5748216
28/11/2017,23.054873,23.259743,23.007164,23.169937,23.169937,8104585
29/11/2017,23.139067,23.139067,21.564655,21.887396,21.887396,8493334
30/11/2017,22.044556,22.131556,21.497301,21.957558,21.957558,30164591
01/12/2017,21.777945,22.993132,21.693752,22.440264,22.440264,13801490
04/12/2017,22.504812,22.52165,20.952852,21.017401,21.017401,8513645
05/12/2017,20.927595,21.278399,20.644144,20.89953,20.89953,6129126
06/12/2017,20.767628,21.18298,20.697468,21.065109,21.065109,7828790
07/12/2017,21.278399,21.601139,21.205433,21.298044,21.298044,7163534
08/12/2017,21.56185,21.803204,21.312077,21.67972,21.67972,10242171
11/12/2017,21.738655,22.266266,21.637623,22.252232,22.252232,4331828
12/12/2017,22.182072,22.451488,21.99404,22.241007,22.241007,7608938
13/12/2017,22.328007,22.667585,22.226974,22.504812,22.504812,5821618
14/12/2017,22.67881,22.777037,22.37291,22.384134,22.384134,3869676
15/12/2017,22.513231,22.763004,22.274685,22.729326,22.729326,5660560
18/12/2017,22.866842,23.790159,22.779842,23.790159,23.790159,7497765
19/12/2017,23.708773,23.708773,23.24571,23.38884,23.38884,8377173
20/12/2017,23.546,23.613354,23.209227,23.391645,23.391645,5652364
21/12/2017,23.386032,23.470226,23.125034,23.164324,23.164324,3014143
22/12/2017,23.116615,23.293421,22.95384,23.035229,23.035229,3661940
26/12/2017,22.956648,22.981907,22.76581,22.838778,22.838778,5351983
27/12/2017,22.79668,22.962261,22.701262,22.805099,22.805099,4109839
28/12/2017,22.827553,22.920164,22.619877,22.740553,22.740553,4981050
29/12/2017,22.833164,22.875261,22.659166,22.810713,22.810713,3143132
02/01/2018,22.880875,23.15871,22.872456,23.133453,23.133453,2371691
03/01/2018,23.172743,23.582483,23.141872,23.377613,23.377613,5699043
04/01/2018,23.408484,23.840675,23.369194,23.792967,23.792967,4941498
05/01/2018,23.854708,24.039932,23.798578,23.966965,23.966965,2475025
08/01/2018,23.879965,23.98661,23.784548,23.961351,23.961351,3702204
09/01/2018,23.995029,23.995029,23.638613,23.652643,23.652643,2768992
10/01/2018,23.517935,23.748062,23.40287,23.745256,23.745256,2417657
11/01/2018,23.997835,24.371092,23.938902,24.368284,24.368284,3255018
12/01/2018,24.379511,24.508608,24.185867,24.345835,24.345835,5480973
16/01/2018,24.480543,24.623671,24.118511,24.160608,24.160608,2471818
17/01/2018,24.365479,24.820122,24.160608,24.727509,24.727509,2734785
18/01/2018,24.716284,24.842573,24.5928,24.806089,24.806089,3423559
19/01/2018,24.772411,24.963249,24.724703,24.834154,24.834154,3065097
22/01/2018,24.8538,25.100765,24.623671,24.957638,24.957638,4748371
23/01/2018,24.88467,25.117603,24.845379,25.008154,25.008154,2962120
24/01/2018,24.977282,25.224249,24.629284,24.800476,24.800476,2822441
25/01/2018,24.918346,25.033411,24.63209,24.820122,24.820122,2761866
26/01/2018,25.659246,25.931471,21.477655,23.220453,23.220453,127220424
29/01/2018,23.574064,24.146578,20.268082,20.992144,20.992144,65799822
30/01/2018,20.599241,20.638533,19.459827,19.667505,19.667505,21560797
31/01/2018,19.889214,20.590822,19.751698,20.122147,20.122147,21323841
01/02/2018,19.990246,20.31579,19.594538,19.715214,19.715214,16692701
02/02/2018,19.914471,20.304565,19.283024,19.897633,19.897633,19484498
05/02/2018,19.689957,20.051987,18.926605,18.965897,18.965897,11756191
06/02/2018,18.522478,19.212862,18.328835,18.86767,18.86767,11118372
07/02/2018,18.833994,19.355989,18.738573,18.738573,18.738573,7185626
08/02/2018,18.735767,19.007992,18.345673,18.415834,18.415834,12260033
09/02/2018,18.676832,19.064121,18.23061,18.887316,18.887316,9210614
12/02/2018,18.965897,19.294249,18.811543,19.092184,19.092184,8159815
13/02/2018,18.943443,19.297054,18.831186,19.167959,19.167959,6382472
14/02/2018,19.058508,19.659084,19.013605,19.60857,19.60857,6240299
15/02/2018,19.757311,19.78257,19.193216,19.372829,19.372829,4498944
16/02/2018,19.36441,19.830278,19.299862,19.586119,19.586119,4259495
20/02/2018,19.431765,19.673119,19.3167,19.594538,19.594538,5299960
21/02/2018,19.645054,19.95376,19.580505,19.622602,19.622602,4621876
22/02/2018,19.734859,19.981827,19.588924,19.802214,19.802214,5628134
23/02/2018,19.962179,20.24563,19.863955,20.1446,20.1446,4686371
26/02/2018,20.242825,20.456114,20.105309,20.31579,20.31579,2943947
27/02/2018,20.38876,20.543114,20.256857,20.414017,20.414017,3983700
28/02/2018,20.731144,21.166142,20.703079,20.849014,20.849014,6955441
01/03/2018,20.790079,21.727428,20.138987,21.152109,21.152109,20337537
02/03/2018,20.442081,20.792887,19.732054,20.672209,20.672209,8609139
05/03/2018,20.559952,20.83779,20.282114,20.767628,20.767628,6716704
06/03/2018,20.857433,21.272785,20.857433,21.216658,21.216658,6174022
07/03/2018,21.087561,21.758301,21.079142,21.693752,21.693752,7766434
08/03/2018,21.755493,22.406586,21.615171,21.727428,21.727428,7081579
09/03/2018,21.758301,22.069815,21.54501,22.024912,22.024912,4560232
12/03/2018,22.086653,22.243813,21.724623,21.828461,21.828461,4801463
13/03/2018,21.864944,21.890202,21.522558,21.704977,21.704977,5062292
14/03/2018,21.74988,21.918266,21.559044,21.839685,21.839685,3280673
15/03/2018,21.890202,21.92388,21.629204,21.783558,21.783558,4101643
16/03/2018,21.862139,22.030523,21.772331,21.878977,21.878977,4376725
19/03/2018,21.76672,21.918266,21.511333,21.881783,21.881783,4104494
20/03/2018,21.752687,22.187683,21.752687,21.957558,21.957558,3084695
21/03/2018,21.943523,21.943523,21.300852,21.328915,21.328915,4168988
22/03/2018,21.171755,21.236301,20.865852,20.896725,20.896725,5233684
23/03/2018,20.885498,21.399076,20.484179,20.526274,20.526274,7074809
26/03/2018,20.868658,21.157722,20.644144,21.084755,21.084755,3974792
27/03/2018,21.222269,21.379431,20.548725,20.677822,20.677822,4270184
28/03/2018,20.672209,20.725531,20.122147,20.234406,20.234406,5426455
29/03/2018,20.254049,20.660982,20.138987,20.545919,20.545919,5134982
02/04/2018,20.571177,20.725531,19.8836,20.363501,20.363501,4099505
03/04/2018,20.416822,20.540306,20.085665,20.436468,20.436468,3132443
04/04/2018,20.122147,20.551533,19.998665,20.478565,20.478565,2429416
05/04/2018,20.635725,20.75079,20.248438,20.433662,20.433662,2737992
06/04/2018,20.312984,20.461725,19.847116,20.007084,20.007084,2893349
09/04/2018,20.066019,20.585209,20.032341,20.178276,20.178276,2571233
10/04/2018,20.501017,20.610468,20.223179,20.428049,20.428049,2600807
11/04/2018,20.363501,20.492598,20.133373,20.186695,20.186695,1615572
12/04/2018,20.256857,20.509436,20.206341,20.397179,20.397179,2214196
13/04/2018,20.492598,20.59363,20.21476,20.45892,20.45892,2908315
16/04/2018,21.104401,21.244722,20.335436,20.865852,20.865852,8523622
17/04/2018,20.964079,21.26156,20.815336,21.157722,21.157722,8506518
18/04/2018,21.516947,21.581493,21.146498,21.269979,21.269979,6295529
19/04/2018,21.124044,21.233496,20.635725,20.739563,20.739563,3905665
20/04/2018,20.599241,20.787273,20.172663,20.394373,20.394373,6829658
23/04/2018,20.447695,20.568371,20.298952,20.512241,20.512241,3955194
24/04/2018,20.596436,20.767628,20.217566,20.327017,20.327017,4319357
25/04/2018,20.217566,20.405598,19.900438,20.1446,20.1446,2386300
26/04/2018,20.225985,20.557144,20.15863,20.478565,20.478565,2144000
27/04/2018,20.571177,20.725531,20.360695,20.380339,20.380339,2511014
30/04/2018,20.391565,20.501017,19.928503,20.141792,20.141792,3834757
01/05/2018,20.054792,20.228792,19.833084,20.040762,20.040762,3664078
02/05/2018,20.004276,20.066019,19.751698,19.841503,19.841503,4113758
03/05/2018,19.863955,20.015503,19.400892,19.981827,19.981827,5001005
04/05/2018,19.889214,20.641338,19.807825,20.472952,20.472952,2996327
07/05/2018,20.486984,20.795692,20.293341,20.343857,20.343857,2057770
08/05/2018,20.352276,20.352276,19.936922,20.209146,20.209146,5340225
09/05/2018,20.284922,20.669401,20.225985,20.408403,20.408403,5428237
10/05/2018,20.461725,21.163336,20.447695,20.961271,20.961271,4681738
11/05/2018,20.950047,20.958466,20.725531,20.857433,20.857433,3411800
14/05/2018,20.961271,21.062304,20.48979,20.672209,20.672209,3034810
15/05/2018,20.461725,20.840595,20.355082,20.745176,20.745176,3116764
16/05/2018,20.767628,20.994949,20.512241,20.829369,20.829369,2960694
17/05/2018,20.666595,21.180174,20.666595,20.857433,20.857433,3250029
18/05/2018,21.365398,22.631102,21.306463,22.117523,22.117523,23393726
21/05/2018,22.204523,22.706875,22.030523,22.583391,22.583391,13764788
22/05/2018,22.518845,22.715294,22.081039,22.667585,22.667585,6473691
23/05/2018,22.574972,23.012777,22.398167,22.981907,22.981907,8038665
24/05/2018,23.001551,23.262548,22.810713,23.200808,23.200808,4948981
25/05/2018,23.183969,23.273775,22.984713,23.018389,23.018389,3519410
29/05/2018,22.956648,22.956648,22.569361,22.605843,22.605843,4892326
30/05/2018,22.785456,22.900518,22.429037,22.743359,22.743359,6896647
31/05/2018,22.751778,22.81352,22.454296,22.636715,22.636715,13683190
01/06/2018,23.155905,24.101673,23.155905,23.812611,23.812611,13488637
04/06/2018,24.020287,24.27006,23.276583,23.863127,23.863127,7577938
05/06/2018,23.922062,24.351446,23.717192,24.317768,24.317768,7295730
06/06/2018,24.340221,24.550703,24.272865,24.514219,24.514219,7572593
07/06/2018,24.522638,24.71909,24.331802,24.713476,24.713476,5152798
08/06/2018,24.696638,24.887476,24.393543,24.789251,24.789251,4860613
11/06/2018,24.78083,24.78083,24.446865,24.595608,24.595608,2595106
12/06/2018,24.595608,24.688219,24.202705,24.334608,24.334608,3344455
13/06/2018,24.415995,24.822927,24.202705,24.671379,24.671379,6625485
14/06/2018,24.738735,25.067087,24.458092,24.671379,24.671379,4414496
15/06/2018,24.595608,24.935184,24.458092,24.806089,24.806089,5355903
18/06/2018,24.553511,25.148476,24.415995,25.137249,25.137249,4744095
19/06/2018,24.814508,25.005346,24.522638,24.977282,24.977282,3049775
20/06/2018,25.005346,25.499279,25.005346,25.033411,25.033411,4345725
21/06/2018,25.072701,25.1597,24.730316,25.002541,25.002541,6051447
22/06/2018,24.909927,25.291603,24.365479,24.915541,24.915541,11507477
25/06/2018,24.845379,24.912733,23.885578,24.124125,24.124125,3139925
26/06/2018,24.171835,24.371092,24.014673,24.264446,24.264446,3782377
27/06/2018,24.354254,24.396351,23.554419,23.574064,23.574064,2910096
28/06/2018,23.560032,24.003448,23.436548,23.930481,23.930481,3891056
29/06/2018,23.992224,24.312157,23.736837,23.736837,23.736837,2902970
02/07/2018,26.574144,26.585369,25.274763,25.875341,25.875341,57614352
03/07/2018,26.133533,26.711658,26.077406,26.613434,26.613434,16730471
05/07/2018,26.661144,26.661144,26.234566,26.338404,26.338404,12780266
06/07/2018,26.329985,26.377693,26.032501,26.195274,26.195274,4826762
09/07/2018,26.495564,26.501177,26.043728,26.276663,26.276663,8951210
10/07/2018,26.54608,26.983885,26.24579,26.484339,26.484339,10233976
11/07/2018,26.240177,26.50679,26.237371,26.405758,26.405758,5040913
12/07/2018,26.47592,26.764982,26.431017,26.69482,26.69482,3680112
13/07/2018,26.69482,26.753756,26.422598,26.63308,26.63308,3623813
16/07/2018,26.725693,26.846369,26.565725,26.599401,26.599401,4394185
17/07/2018,26.408564,26.703239,26.400145,26.621853,26.621853,5000292
18/07/2018,26.621853,26.697626,26.532047,26.68079,26.68079,5152442
19/07/2018,26.619047,26.661144,26.408564,26.588177,26.588177,4024677
20/07/2018,26.599401,26.630274,26.461887,26.470306,26.470306,4622232
23/07/2018,26.416985,26.442242,26.155985,26.273855,26.273855,6138034
24/07/2018,26.349628,26.428209,25.993212,26.12792,26.12792,3951987
25/07/2018,26.153179,26.324371,26.05776,26.324371,26.324371,1860723
26/07/2018,26.083017,26.554499,26.074598,26.492758,26.492758,5619226
27/07/2018,26.38892,26.473112,26.226147,26.287888,26.287888,4565221
30/07/2018,26.206501,26.259823,25.838858,26.018471,26.018471,6206804
31/07/2018,26.021276,26.192469,25.894987,25.965147,25.965147,5433582
01/08/2018,25.965147,26.209307,25.937082,26.021276,26.021276,5767813
02/08/2018,25.959536,26.175631,25.959536,26.111082,26.111082,3224018
03/08/2018,26.144758,26.206501,25.928663,26.125114,26.125114,3970160
06/08/2018,26.060566,26.310339,26.060566,26.223339,26.223339,3299202
07/08/2018,26.38892,26.540466,26.170017,26.296307,26.296307,3587112
08/08/2018,26.341209,26.473112,26.220533,26.422598,26.422598,2842751
09/08/2018,26.515209,26.708853,26.411371,26.585369,26.585369,2119058
10/08/2018,26.33279,26.689207,26.293501,26.529242,26.529242,2462910
13/08/2018,26.515209,26.68079,26.30192,26.380501,26.380501,3114983
14/08/2018,26.408564,26.652723,26.329985,26.621853,26.621853,2663877
15/08/2018,26.503983,26.677982,26.380501,26.571339,26.571339,4963947
16/08/2018,26.83795,26.950207,26.621853,26.823917,26.823917,5335949
17/08/2018,26.736917,26.90811,26.630274,26.66395,26.66395,2978154
20/08/2018,26.675177,26.779015,26.610628,26.669563,26.669563,4022896
21/08/2018,26.731304,26.83795,26.638693,26.689207,26.689207,4926889
22/08/2018,26.717272,26.922142,26.689207,26.866013,26.866013,9033521
23/08/2018,26.894077,26.955818,26.714466,26.748142,26.748142,7901124
24/08/2018,26.697626,26.905304,26.543274,26.756561,26.756561,7384454
27/08/2018,26.941788,26.964239,26.717272,26.776207,26.776207,4435162
28/08/2018,26.82111,26.840755,26.501177,26.734112,26.734112,4899096
29/08/2018,26.790239,27.07369,26.753756,26.961432,26.961432,5012763
30/08/2018,26.85198,27.205591,26.826723,27.118593,27.118593,3314168
31/08/2018,27.065269,27.250496,26.891272,26.989496,26.989496,3288156
04/09/2018,26.961432,27.082109,26.692015,26.983885,26.983885,5195557
05/09/2018,26.891272,27.107367,26.683596,26.854788,26.854788,3957688
06/09/2018,26.854788,27.160688,26.790239,26.90811,26.90811,4332185
07/09/2018,26.801464,27.068077,26.720079,27.014755,27.014755,3987620
10/09/2018,27.110172,27.222431,26.978271,27.180334,27.180334,5450685
11/09/2018,27.084915,27.244883,27.020367,27.138239,27.138239,3643767
12/09/2018,27.082109,27.382399,26.967045,27.28698,27.28698,5137833
13/09/2018,27.211205,27.413267,27.124207,27.320656,27.320656,11293327
14/09/2018,27.348721,27.789331,27.334688,27.685493,27.685493,4975349
17/09/2018,27.654621,27.721975,27.267334,27.312237,27.312237,4512485
18/09/2018,27.256107,27.578848,27.045626,27.048431,27.048431,6427725
19/09/2018,27.076496,27.076496,26.610628,26.790239,26.790239,5717928
20/09/2018,26.896885,26.992304,26.717272,26.930561,26.930561,4500370
21/09/2018,27.082109,27.082109,26.823917,26.997915,26.997915,9117257
24/09/2018,26.913723,27.020367,26.442242,26.997915,26.997915,11023589
25/09/2018,27.135431,27.222431,27.011948,27.208399,27.208399,6052872
26/09/2018,27.256107,27.30101,26.99511,27.11298,27.11298,4822130
27/09/2018,27.082109,27.303818,27.045626,27.292591,27.292591,4451910
28/09/2018,27.233658,27.326269,27.096142,27.256107,27.256107,4712739
01/10/2018,27.272947,27.458172,27.098948,27.141045,27.141045,2540589
02/10/2018,27.146658,27.298204,27.031593,27.155075,27.155075,6606243
03/10/2018,27.253302,27.362753,26.941788,27.11298,27.11298,5113959
04/10/2018,27.281366,27.281366,26.919336,27.135431,27.135431,7052717
05/10/2018,27.272947,27.472204,26.843561,27.211205,27.211205,9323925
08/10/2018,27.031593,27.250496,26.627466,26.815498,26.815498,7358443
09/10/2018,26.739723,26.967045,26.170017,26.543274,26.543274,14442160
10/10/2018,26.582563,26.582563,25.85289,25.951115,25.951115,9549122
11/10/2018,25.951115,26.153179,25.504892,25.746244,25.746244,7159614
12/10/2018,26.18405,26.551693,25.981985,26.520823,26.520823,6043964
15/10/2018,26.941788,27.205591,26.532047,26.661144,26.661144,9367040
16/10/2018,26.776207,27.014755,26.602207,26.846369,26.846369,5456743
17/10/2018,26.922142,26.941788,26.450661,26.689207,26.689207,4550611
18/10/2018,26.655531,26.736917,26.391726,26.518015,26.518015,6164758
19/10/2018,26.571339,26.731304,26.195274,26.318758,26.318758,6891302
22/10/2018,26.445047,26.773401,26.271049,26.579758,26.579758,5229408
23/10/2018,26.242985,26.341209,25.76589,26.063374,26.063374,4885556
24/10/2018,25.981985,26.05776,25.21583,25.21583,25.21583,8437035
25/10/2018,25.465603,25.715376,25.21583,25.496473,25.496473,4320426
26/10/2018,24.991314,25.300022,24.696638,24.828541,24.828541,5816630
29/10/2018,25.22986,25.535763,24.065189,24.34864,24.34864,4351783
30/10/2018,24.415995,24.926765,24.351446,24.887476,24.887476,3753159
31/10/2018,25.204603,25.594698,25.204603,25.367376,25.367376,4539565
01/11/2018,25.507698,25.942696,25.398247,25.583471,25.583471,6915532
02/11/2018,25.720987,25.777117,25.120411,25.589085,25.589085,2761509
05/11/2018,25.723795,25.779922,25.137249,25.737825,25.737825,3831193
06/11/2018,25.709763,26.024082,25.569441,25.847277,25.847277,1757033
07/11/2018,26.661144,27.671461,26.503983,27.463783,27.463783,9221304
08/11/2018,27.47501,27.895975,27.323463,27.761267,27.761267,3516916
09/11/2018,27.595688,27.744429,27.160688,27.517107,27.517107,4799682
12/11/2018,27.511494,27.786526,26.981077,27.643396,27.643396,4936866
13/11/2018,27.721975,29.074678,27.545172,28.504972,28.504972,15506143
14/11/2018,28.962421,29.762257,28.359037,29.661224,29.661224,21665200
15/11/2018,29.92503,30.090609,29.327257,29.484419,29.484419,50323254
16/11/2018,29.543354,29.591063,29.299194,29.318838,29.318838,15978628
19/11/2018,29.316032,29.436708,28.8221,28.990486,28.990486,16403010
20/11/2018,28.662132,28.97084,28.527424,28.805262,28.805262,10983681
21/11/2018,28.93997,29.02697,28.572327,28.903486,28.903486,6005838
23/11/2018,28.709843,29.352516,28.707035,29.164486,29.164486,6246713
26/11/2018,29.447935,29.661224,29.442322,29.644384,29.644384,13889502
27/11/2018,29.551773,29.599482,29.316032,29.372162,29.372162,6362161
28/11/2018,29.568611,29.989576,29.380581,29.916611,29.916611,13814674
29/11/2018,29.638771,29.983965,29.467581,29.748222,29.748222,11596914
30/11/2018,30.028868,30.051317,29.346903,29.602289,29.602289,21957029
03/12/2018,29.843641,29.944674,29.391806,29.616322,29.616322,12675863
04/12/2018,29.467581,29.571419,29.021357,29.316032,29.316032,12579655
06/12/2018,29.14484,29.661224,29.032581,29.638771,29.638771,17103542
07/12/2018,29.565805,29.697708,29.046614,29.186935,29.186935,12979807
10/12/2018,29.254292,29.417065,28.85297,29.217808,29.217808,12304573
11/12/2018,29.551773,29.748222,29.167292,29.391806,29.391806,14477080
12/12/2018,29.804352,29.815578,29.397419,29.470387,29.470387,14229791
13/12/2018,29.523708,29.742611,29.374968,29.607903,29.607903,13518212
14/12/2018,29.439514,29.722965,29.439514,29.689287,29.689287,13998537
17/12/2018,29.635965,29.672449,29.414257,29.49003,29.49003,16345285
18/12/2018,29.607903,29.885738,29.439514,29.708933,29.708933,20432676
19/12/2018,29.748222,30.000803,29.35813,29.425484,29.425484,21565429
20/12/2018,29.492838,29.647192,28.709843,29.021357,29.021357,21679096
21/12/2018,29.041,29.164486,28.151361,28.830519,28.830519,29978590
24/12/2018,22.872456,23.164324,21.076336,22.59181,22.59181,7411179
26/12/2018,22.235394,22.782648,22.131556,22.768618,22.768618,5595709
27/12/2018,22.605843,22.900518,22.241007,22.451488,22.451488,6841061
28/12/2018,23.314749,23.568171,22.691334,23.025848,23.025848,8881065
31/12/2018,23.061329,24.769386,23.061329,24.769386,24.769386,11479901
02/01/2019,24.445007,24.88596,23.34516,23.882414,23.882414,12052465
03/01/2019,23.598581,23.82159,22.696402,22.873796,22.873796,13618830
04/01/2019,23.142424,23.801317,22.73695,23.324886,23.324886,17573116
07/01/2019,23.27927,24.014193,23.076532,23.476938,23.476938,9718603
08/01/2019,23.89255,24.237202,23.512419,23.755701,23.755701,14375870
09/01/2019,23.857071,24.01926,23.710087,23.791182,23.791182,6509914
10/01/2019,23.791182,24.01926,22.757223,22.904207,22.904207,7030785
11/01/2019,22.782564,23.172832,22.503801,22.53928,22.53928,5326903
14/01/2019,22.336542,22.427774,21.672581,21.692854,21.692854,7232426
15/01/2019,21.819565,22.149012,21.530664,21.79929,21.79929,5581222
16/01/2019,21.692854,21.90066,21.297516,21.601622,21.601622,4849239
17/01/2019,21.647238,22.159149,21.576281,22.154079,22.154079,6989155
18/01/2019,22.18956,22.194628,21.849976,21.971617,21.971617,6425075
22/01/2019,22.240244,22.630512,21.951344,22.331474,22.331474,6256186
23/01/2019,22.899137,23.258995,22.513939,22.615307,22.615307,6218107
24/01/2019,22.762291,22.878864,22.407501,22.787634,22.787634,7007899
25/01/2019,22.92448,23.314749,22.919413,23.269133,23.269133,5165709
28/01/2019,23.264065,24.01926,23.122149,23.770906,23.770906,11741718
29/01/2019,23.872276,23.98885,23.568171,23.745565,23.745565,7021315
30/01/2019,23.998985,24.328434,23.902685,24.328434,24.328434,7855697
31/01/2019,24.242271,25.088697,24.18145,24.627472,24.627472,7381190
01/02/2019,24.825138,25.215408,24.581856,25.164724,25.164724,3583363
04/02/2019,25.347187,26.259502,25.347187,25.762798,25.762798,6294659
05/02/2019,25.985807,26.153067,25.666498,25.884439,25.884439,5435023
06/02/2019,25.924988,26.310188,25.767866,25.81855,25.81855,5595823
07/02/2019,25.646223,25.752661,25.230614,25.565128,25.565128,3516675
08/02/2019,25.36746,26.147999,25.164724,26.097315,26.097315,3539167
11/02/2019,26.289913,26.391281,25.874304,26.36594,26.36594,5366757
12/02/2019,26.568678,27.26305,26.46224,27.166752,27.166752,6666767
13/02/2019,27.318804,27.683729,27.055246,27.344147,27.344147,3504245
14/02/2019,27.207298,27.668526,27.126204,27.562088,27.562088,5128024
15/02/2019,27.769894,28.327419,27.369488,27.876329,27.876329,4529613
19/02/2019,27.921946,28.119616,27.648251,27.896605,27.896605,2480850
20/02/2019,28.013178,28.281803,27.688799,28.150024,28.150024,2726883
21/02/2019,28.160162,28.423719,28.018246,28.150024,28.150024,3834131
22/02/2019,28.29701,28.474403,28.155094,28.474403,28.474403,3644723
25/02/2019,28.61632,28.844398,28.540295,28.707552,28.707552,4612085
26/02/2019,28.535227,28.945768,28.190573,28.753168,28.753168,4619188
27/02/2019,28.656868,28.788647,28.479473,28.509884,28.509884,3335948
28/02/2019,28.484541,28.636595,27.962494,28.291941,28.291941,8152633
01/03/2019,29.234669,29.898632,28.479473,28.71262,28.71262,6934700
04/03/2019,28.925493,28.960974,27.62291,28.048656,28.048656,5875989
05/03/2019,28.00304,28.302078,27.602636,27.937153,27.937153,5502302
06/03/2019,27.785099,27.785099,26.786619,27.232641,27.232641,4962687
07/03/2019,27.176888,27.577293,26.771414,26.928535,26.928535,3652220
08/03/2019,26.649773,26.756208,26.142929,26.533197,26.533197,3776717
11/03/2019,26.55854,27.486061,26.487581,27.445515,27.445515,3516872
12/03/2019,27.491131,28.10441,27.46072,27.724277,27.724277,4896000
13/03/2019,27.952356,28.160162,27.754688,27.850988,27.850988,4083913
14/03/2019,28.383173,29.396858,28.226051,28.981247,28.981247,7633537
15/03/2019,29.36138,30.54739,29.346172,30.527117,30.527117,11238800
18/03/2019,30.587936,30.99848,30.278763,30.658895,30.658895,5256664
19/03/2019,30.917385,31.008615,30.572733,30.633553,30.633553,3981711
20/03/2019,30.603142,30.795744,30.030411,30.223011,30.223011,5130984
21/03/2019,30.152054,30.886974,30.106438,30.770399,30.770399,3257028
22/03/2019,30.359858,31.003548,30.162189,30.182463,30.182463,2970352
25/03/2019,30.157122,30.157122,28.950836,29.036999,29.036999,3709832
26/03/2019,29.35631,29.893562,29.082615,29.847946,29.847946,3527921
27/03/2019,29.908768,30.35479,29.107958,29.16371,29.16371,3628742
28/03/2019,29.123163,29.341105,28.71769,28.849468,28.849468,3301224
29/03/2019,29.00152,29.797262,28.966042,29.746578,29.746578,3746924
01/04/2019,30.299038,30.633553,30.167257,30.628485,30.628485,3523383
02/04/2019,30.516979,31.074507,30.278763,31.054232,31.054232,4647599
03/04/2019,31.049164,31.246832,30.73999,31.216421,31.216421,4143695
04/04/2019,31.180943,31.216421,30.015205,30.582869,30.582869,4261680
05/04/2019,30.633553,31.621897,30.633553,31.525597,31.525597,4349676
08/04/2019,31.505322,31.758743,31.150532,31.672581,31.672581,2637506
09/04/2019,31.571211,31.626965,31.074507,31.28738,31.28738,2530570
10/04/2019,31.312721,32.250381,31.292448,32.078053,32.078053,3311089
11/04/2019,32.169285,32.372021,31.809427,32.366955,32.366955,3843207
12/04/2019,32.458187,32.73188,32.017235,32.18956,32.18956,2378452
15/04/2019,32.235176,32.422707,31.966549,32.37709,32.37709,2291048
16/04/2019,32.620377,32.665993,31.768881,31.824633,31.824633,2220809
17/04/2019,31.986822,32.18449,31.682716,31.804359,31.804359,2039687
18/04/2019,31.79929,31.926001,31.38368,31.855043,31.855043,2066915
22/04/2019,31.819565,32.057781,31.687784,32.057781,32.057781,2132221
23/04/2019,32.042576,33.066395,31.976685,32.944756,32.944756,3039407
24/04/2019,32.934616,33.679676,32.823112,33.578308,33.578308,3057953
25/04/2019,33.552963,34.064877,33.258995,33.958439,33.958439,3190736
26/04/2019,33.482006,33.781044,32.833248,33.127216,33.127216,3018098
29/04/2019,33.147491,33.340092,32.954891,33.223518,33.223518,2449085
30/04/2019,33.2742,34.211861,33.2742,34.166245,34.166245,2385752
01/05/2019,34.414597,35.07349,34.166245,34.759251,34.759251,4112718
02/05/2019,34.688293,34.946781,33.674606,34.53624,34.53624,3875958
03/05/2019,34.835278,35.124176,34.591991,34.820072,34.820072,1860144
06/05/2019,34.080082,34.72377,34.004055,34.561581,34.561581,1331183
07/05/2019,34.237202,34.607197,33.563103,34.206791,34.206791,2800279
08/05/2019,33.978714,34.110493,33.710087,34.009125,34.009125,2022128
09/05/2019,33.47694,34.105423,33.2742,34.004055,34.004055,2736354
10/05/2019,33.841866,34.156109,33.223518,34.039536,34.039536,1412076
13/05/2019,32.990372,33.400913,32.285858,32.458187,32.458187,5181295
14/05/2019,32.569691,33.82159,32.488598,33.527622,33.527622,1958400
15/05/2019,33.27927,34.602131,33.198174,34.414597,34.414597,2051328
16/05/2019,34.490623,35.595539,34.419666,35.377598,35.377598,2041858
17/05/2019,34.967056,35.757729,34.72377,35.190067,35.190067,2938389
20/05/2019,34.764317,34.951851,33.998985,34.465282,34.465282,2650134
21/05/2019,34.931576,35.554993,34.678154,35.301571,35.301571,2322024
22/05/2019,35.610744,35.676636,34.804867,34.972122,34.972122,3092283
23/05/2019,34.282818,34.282818,32.716675,33.299545,33.299545,6202520
24/05/2019,33.461735,34.054741,33.096806,33.512417,33.512417,3735678
28/05/2019,33.542828,34.399391,33.451595,33.659401,33.659401,3530881
29/05/2019,33.340092,33.563103,32.792702,33.552963,33.552963,4759665
30/05/2019,33.715157,34.115559,33.208313,33.659401,33.659401,4113113
31/05/2019,30.745058,31.505322,28.945768,30.182463,30.182463,15620241
03/06/2019,30.106438,30.172325,28.10441,28.312216,28.312216,6365687
04/06/2019,28.884947,29.275215,28.347694,29.234669,29.234669,5077516
05/06/2019,29.290421,29.422199,27.247847,27.62291,27.62291,7388293
06/06/2019,27.850988,27.891537,26.416624,26.979219,26.979219,7644388
07/06/2019,27.065384,27.952356,26.867714,27.521542,27.521542,4520538
10/06/2019,27.780029,28.144957,27.384693,27.470858,27.470858,3659520
11/06/2019,27.607704,27.820578,27.161682,27.541815,27.541815,3505429
12/06/2019,27.475925,27.835783,26.837303,26.877851,26.877851,2527018
13/06/2019,26.857576,27.379625,26.619362,27.283325,27.283325,4077796
14/06/2019,26.837303,27.121136,25.72732,26.01115,26.01115,3634463
17/06/2019,26.097315,26.188545,25.63102,25.661428,25.661428,3298461
18/06/2019,25.950329,26.685251,25.803345,26.10745,26.10745,4490943
19/06/2019,26.360872,27.141409,26.127724,27.07552,27.07552,4167568
20/06/2019,27.876329,29.021793,27.024836,27.577293,27.577293,4939406
21/06/2019,27.404966,27.678661,27.116068,27.36442,27.36442,4973933
24/06/2019,27.36442,27.521542,26.893057,27.014698,27.014698,3584744
25/06/2019,27.014698,27.303598,26.457172,26.512924,26.512924,4532178
26/06/2019,26.842373,27.242777,26.751141,26.979219,26.979219,1905523
27/06/2019,26.583881,26.791689,25.63102,26.46224,26.46224,9568655
28/06/2019,26.690319,26.741005,25.671566,25.747593,25.747593,13893669
01/07/2019,26.46224,26.477446,25.970604,26.132793,26.132793,6958376
02/07/2019,25.960466,26.452103,25.646223,26.447035,26.447035,4973933
03/07/2019,26.289913,26.842373,25.965534,26.822098,26.822098,5140454
05/07/2019,26.421694,26.685251,26.249367,26.543335,26.543335,4130870
08/07/2019,26.254435,26.396351,25.838823,25.995945,25.995945,5919197
09/07/2019,25.828688,26.016218,25.661428,25.899645,25.899645,5298492
10/07/2019,26.117586,26.862646,25.919918,26.502789,26.502789,9092176
11/07/2019,26.487581,27.10593,26.441967,27.10593,27.10593,5895324
12/07/2019,27.293463,27.536745,26.979219,27.257982,27.257982,7217037
15/07/2019,27.369488,28.018246,27.344147,27.987837,27.987837,7950993
16/07/2019,28.139889,28.884947,27.942221,28.388241,28.388241,7118387
17/07/2019,28.383173,28.64673,28.063862,28.636595,28.636595,3554359
18/07/2019,28.504814,29.290421,28.261532,29.087685,29.087685,4343560
19/07/2019,29.371515,29.989862,28.687279,28.788647,28.788647,5908543
22/07/2019,28.920425,29.082615,28.580841,28.596046,28.596046,3269853
23/07/2019,28.737963,28.737963,27.693867,28.109478,28.109478,4539084
24/07/2019,27.962494,28.55043,27.962494,28.494678,28.494678,2860850
25/07/2019,28.545362,28.71769,27.759756,27.91181,27.91181,3693851
26/07/2019,27.942221,28.124683,27.769894,28.018246,28.018246,3268669
29/07/2019,28.291941,28.504814,27.597567,28.367968,28.367968,3832947
30/07/2019,28.246325,29.087685,28.119616,29.00659,29.00659,4031431
31/07/2019,29.031931,29.391788,28.672073,29.265079,29.265079,5389447
01/08/2019,29.366447,29.979727,29.042068,29.239737,29.239737,4970579
02/08/2019,27.800304,28.129751,26.07704,26.563608,26.563608,20770166
05/08/2019,25.854029,25.894577,24.47035,25.554993,25.554993,11192632
06/08/2019,25.803345,26.112518,25.063354,25.732388,25.732388,7244461
07/08/2019,25.286366,25.636087,24.972124,25.534719,25.534719,3653601
08/08/2019,25.656361,26.376078,25.656361,26.016218,26.016218,4783539
09/08/2019,25.995945,25.995945,25.240749,25.560061,25.560061,2521691
12/08/2019,25.36746,25.46376,24.926508,25.068424,25.068424,2621131
13/08/2019,24.961987,25.803345,24.693359,25.098833,25.098833,7019934
14/08/2019,24.678156,24.830208,23.801317,24.63254,24.63254,8122644
15/08/2019,24.399391,24.515966,23.436392,23.770906,23.770906,5727422
16/08/2019,24.01926,24.931576,23.948301,24.546375,24.546375,4909219
19/08/2019,24.992397,25.154587,24.72377,24.860619,24.860619,3959219
20/08/2019,24.693359,24.987329,24.424734,24.56665,24.56665,3635647
21/08/2019,24.668018,25.21034,24.607197,24.825138,24.825138,2741484
22/08/2019,25.053219,25.119108,24.541307,24.855551,24.855551,3195865
23/08/2019,24.201723,24.298023,23.177902,23.218449,23.218449,7242291
26/08/2019,23.314749,23.862139,23.289408,23.522554,23.522554,4026696
27/08/2019,23.796249,23.907755,22.944754,23.112013,23.112013,3852085
28/08/2019,23.071465,23.122149,22.478458,22.959959,22.959959,3722656
29/08/2019,23.18804,23.786114,23.137354,23.705017,23.705017,6461575
30/08/2019,25.772936,26.964014,25.164724,26.117586,26.117586,31586941
03/09/2019,25.864166,26.294983,25.646223,25.884439,25.884439,8237867
04/09/2019,26.102383,26.294983,25.478966,25.950329,25.950329,5511378
05/09/2019,26.132793,27.116068,25.904715,26.822098,26.822098,8994907
06/09/2019,26.862646,27.26305,26.487581,27.045109,27.045109,6831315
09/09/2019,27.369488,27.597567,26.933603,27.516472,27.516472,7168304
10/09/2019,27.308666,28.307146,26.989355,28.119616,28.119616,6298408
11/09/2019,27.937153,28.129751,27.724277,28.028383,28.028383,5916238
12/09/2019,28.155094,28.347694,27.394831,27.445515,27.445515,5659748
13/09/2019,27.394831,27.698936,27.085655,27.121136,27.121136,2785284
16/09/2019,26.862646,27.648251,26.801825,27.420172,27.420172,3021058
17/09/2019,27.369488,27.420172,26.918398,27.293463,27.293463,2821587
18/09/2019,27.334009,27.334009,26.360872,26.761276,26.761276,3759551
19/09/2019,26.741005,27.192093,26.639635,26.882919,26.882919,4931908
20/09/2019,26.958946,27.034971,26.208818,26.279778,26.279778,6002458
23/09/2019,26.259502,26.862646,25.859098,26.832235,26.832235,4902708
24/09/2019,26.893057,27.192093,26.183477,26.457172,26.457172,6605999
25/09/2019,26.452103,27.379625,26.381145,27.237709,27.237709,6056124
26/09/2019,26.862646,26.862646,26.01115,26.431829,26.431829,6061253
27/09/2019,26.568678,26.801825,25.539787,25.82362,25.82362,4381441
30/09/2019,25.82362,26.37101,25.783072,26.284845,26.284845,2619552
01/10/2019,26.421694,26.806892,26.051699,26.17334,26.17334,3819136
02/10/2019,26.102383,26.10745,25.423212,25.737455,25.737455,3143581
03/10/2019,25.752661,26.036493,25.032946,25.879372,25.879372,2660788
04/10/2019,25.965534,26.102383,25.443487,25.478966,25.478966,3822885
07/10/2019,25.392803,25.884439,25.337049,25.605677,25.605677,3134900
08/10/2019,25.438419,25.52965,24.72884,24.738976,24.738976,3017112
09/10/2019,24.906235,25.205271,24.708567,25.068424,25.068424,2605938
10/10/2019,25.043081,25.134314,24.779524,24.835276,24.835276,4467661
11/10/2019,25.27623,26.041561,25.225546,25.494171,25.494171,3014744
14/10/2019,25.468828,25.72225,25.397871,25.686771,25.686771,1551173
15/10/2019,25.595539,26.224024,25.519512,25.91485,25.91485,2061193
16/10/2019,25.808414,25.813482,25.428282,25.615812,25.615812,1980103
17/10/2019,25.767866,25.975672,25.499241,25.52965,25.52965,1985824
18/10/2019,25.524582,25.565128,25.088697,25.27623,25.27623,3410133
21/10/2019,25.291433,25.600609,25.134314,25.337049,25.337049,2371743
22/10/2019,25.499241,25.661428,25.230614,25.331982,25.331982,2048763
23/10/2019,25.286366,25.549925,24.967054,25.494171,25.494171,2469210
24/10/2019,25.676636,25.975672,25.306641,25.854029,25.854029,3018493
25/10/2019,25.904715,26.517994,25.82362,26.193613,26.193613,3189946
28/10/2019,26.320324,26.583881,26.087177,26.147999,26.147999,3117143
29/10/2019,26.17841,26.999493,26.132793,26.989355,26.989355,5226082
30/10/2019,26.969084,27.445515,26.725798,27.242777,27.242777,3210860
31/10/2019,27.192093,27.26812,26.411556,26.806892,26.806892,3032698
01/11/2019,26.953876,27.060314,26.756208,26.984287,26.984287,2398971
04/11/2019,27.293463,27.435377,27.10593,27.288393,27.288393,1979905
05/11/2019,27.323872,27.800304,27.136341,27.587429,27.587429,4079177
06/11/2019,27.876329,27.876329,27.217436,27.536745,27.536745,2791006
07/11/2019,27.759756,27.850988,27.435377,27.526609,27.526609,2908202
08/11/2019,27.55195,27.668526,27.141409,27.526609,27.526609,1962346
11/11/2019,27.278255,27.81044,27.192093,27.633045,27.633045,1830944
12/11/2019,27.769894,28.271667,27.698936,28.094273,28.094273,5463434
13/11/2019,27.876329,28.079067,27.643183,27.764826,27.764826,2171878
14/11/2019,27.572226,28.479473,27.45565,27.901672,27.901672,3357060
15/11/2019,28.205778,28.307146,27.957424,28.20071,28.20071,2799292
18/11/2019,28.205778,28.327419,27.91181,28.165232,28.165232,1931764
19/11/2019,28.210846,28.727825,28.018246,28.489611,28.489611,2811525
20/11/2019,28.291941,28.525089,27.845921,28.013178,28.013178,2832242
21/11/2019,27.997972,28.180435,27.212366,27.222504,27.222504,3173373
22/11/2019,27.217436,27.369488,26.862646,27.17182,27.17182,2850788
25/11/2019,27.369488,28.185505,27.369488,27.90674,27.90674,3744557
26/11/2019,28.215916,28.352762,26.938671,26.958946,26.958946,8725790
27/11/2019,25.874304,26.436897,25.215408,25.504309,25.504309,25892863
29/11/2019,25.494171,25.575266,24.551445,24.576788,24.576788,6382852
02/12/2019,24.505829,24.668018,23.98885,24.186518,24.186518,7351990
03/12/2019,23.720222,24.069944,23.53269,24.024328,24.024328,7722322
04/12/2019,24.27775,24.379118,24.095285,24.166245,24.166245,4132843
05/12/2019,24.130766,24.191586,23.62899,23.993917,23.993917,4072469
06/12/2019,24.075012,24.683224,23.836798,23.882414,23.882414,5935771
09/12/2019,23.73036,24.313229,23.542828,24.151039,24.151039,7451034
10/12/2019,24.029396,24.318296,23.887482,24.004055,24.004055,6115511
11/12/2019,23.983782,24.201723,23.770906,24.18145,24.18145,4372957
12/12/2019,23.983782,25.169792,23.862139,25.088697,25.088697,5211877
13/12/2019,25.053219,25.382666,24.850483,25.012671,25.012671,5212666
16/12/2019,25.337049,25.418144,24.972124,25.08363,25.08363,6638750
17/12/2019,25.200203,25.448555,25.119108,25.306641,25.306641,4669302
18/12/2019,25.342119,25.641155,25.149517,25.342119,25.342119,4543424
19/12/2019,25.372528,25.509377,25.230614,25.286366,25.286366,2995014
20/12/2019,25.494171,25.620882,25.093765,25.149517,25.149517,5335979
23/12/2019,25.169792,25.940193,25.149517,25.575266,25.575266,3213228
24/12/2019,25.570198,26.016218,25.468828,25.762798,25.762798,1891910
26/12/2019,25.98074,26.497719,25.904715,26.360872,26.360872,3034474
27/12/2019,26.457172,26.457172,25.696909,25.838823,25.838823,3107672
30/12/2019,25.788139,26.132793,25.595539,25.803345,25.803345,2622512
31/12/2019,25.747593,26.305119,25.620882,26.046629,26.046629,3263145
02/01/2020,26.386213,26.670046,26.127724,26.502789,26.502789,4278253
03/01/2020,26.051699,26.345667,25.554993,25.63102,25.63102,4447142
06/01/2020,25.387733,25.995945,25.387733,25.889507,25.889507,4983403
07/01/2020,25.869234,26.006083,25.124176,25.240749,25.240749,6135833
08/01/2020,25.088697,25.362392,24.911303,25.342119,25.342119,6934306
09/01/2020,25.443487,25.473898,24.845413,25.149517,25.149517,7158833
10/01/2020,25.149517,25.311708,25.043081,25.093765,25.093765,4865615
13/01/2020,25.184998,25.337049,24.673086,25.255955,25.255955,6736414
14/01/2020,25.255955,26.117586,25.245819,25.778004,25.778004,6555490
15/01/2020,25.701977,25.919918,25.544855,25.646223,25.646223,3906145
16/01/2020,25.854029,26.218956,25.691839,26.021288,26.021288,4445958
17/01/2020,26.102383,26.102383,25.36746,25.514444,25.514444,6502416
21/01/2020,25.418144,25.428282,24.784592,24.982262,24.982262,5397142
22/01/2020,25.088697,25.402941,25.088697,25.311708,25.311708,2705180
23/01/2020,25.352255,25.580336,25.022808,25.52965,25.52965,2187860
24/01/2020,25.620882,25.869234,25.103903,25.331982,25.331982,3948170
27/01/2020,24.662951,24.779524,24.313229,24.404461,24.404461,6143133
28/01/2020,24.586924,24.936646,24.505829,24.673086,24.673086,4225377
29/01/2020,24.809935,24.936646,24.602129,24.809935,24.809935,2788836
30/01/2020,24.531172,25.073492,24.409529,25.027876,25.027876,4742697
31/01/2020,24.901167,24.961987,24.404461,24.718702,24.718702,4627869
03/02/2020,24.72884,25.038013,24.637608,24.926508,24.926508,3265118
04/02/2020,25.342119,26.092245,25.058287,25.864166,25.864166,5845604
05/02/2020,26.092245,26.553473,25.646223,25.742523,25.742523,7337587
06/02/2020,25.930056,26.827168,25.879372,26.786619,26.786619,6581533
07/02/2020,26.609224,26.609224,25.848961,26.163202,26.163202,9318084
10/02/2020,25.848961,26.441967,25.62595,26.411556,26.411556,5327100
11/02/2020,26.406488,26.91333,26.355803,26.487581,26.487581,8685935
12/02/2020,26.725798,27.126204,26.649773,27.014698,27.014698,6874129
13/02/2020,26.330462,26.776484,26.066902,26.634567,26.634567,6760485
14/02/2020,26.837303,27.141409,26.675114,26.801825,26.801825,4158295
18/02/2020,26.507856,26.837303,26.294983,26.746073,26.746073,5139862
19/02/2020,26.81196,27.161682,26.735935,27.034971,27.034971,5512759
20/02/2020,27.034971,27.065384,26.502789,26.837303,26.837303,5310724
21/02/2020,26.710592,26.766346,25.955399,26.213886,26.213886,4403144
24/02/2020,25.225546,25.27623,24.034466,24.485556,24.485556,7265770
25/02/2020,24.860619,24.936646,23.400911,23.426254,23.426254,6799550
26/02/2020,23.679676,23.993917,22.959959,23.27927,23.27927,6851242
27/02/2020,22.569691,23.081602,21.743538,22.078054,22.078054,11049984
28/02/2020,20.881907,21.849976,19.868221,20.506842,20.506842,16947084
02/03/2020,20.63862,21.535732,19.969589,21.485048,21.485048,7908770
03/03/2020,21.626965,22.154079,20.988342,21.175875,21.175875,9216475
04/03/2020,21.535732,21.986822,20.876837,21.986822,21.986822,6008377
05/03/2020,21.302586,21.571211,20.522049,20.704512,20.704512,7139103
06/03/2020,19.766853,20.719715,19.574251,20.081095,20.081095,8400837
09/03/2020,18.489611,18.651798,17.972631,18.373035,18.373035,10960804
10/03/2020,19.107958,19.959454,17.992905,19.837811,19.837811,9943920
11/03/2020,19.077547,19.538773,18.535227,18.722757,18.722757,9386942
12/03/2020,17.222504,17.698936,16.376078,16.594019,16.594019,13329588
13/03/2020,17.830715,18.220984,16.796757,18.220984,18.220984,9643038
16/03/2020,14.78966,17.389763,14.78966,16.325394,16.325394,10100379
17/03/2020,16.629498,16.958946,15.326913,15.874303,15.874303,9976277
18/03/2020,14.698429,15.281298,12.929549,14.632539,14.632539,9067711
19/03/2020,14.698429,16.578814,14.282818,16.198683,16.198683,8396299
20/03/2020,16.644703,18.697414,16.229094,16.46731,16.46731,13518799
23/03/2020,16.725798,18.109478,15.98074,17.20223,17.20223,7340349
24/03/2020,18.479473,19.695894,17.501266,19.690826,19.690826,7084254
25/03/2020,19.954384,21.490116,19.346172,19.939178,19.939178,7389280
26/03/2020,20.243284,21.743538,20.020273,21.561075,21.561075,6317941
27/03/2020,20.390268,20.775469,19.396858,19.640142,19.640142,6310246
30/03/2020,20.126711,20.866699,19.655348,20.172325,20.172325,6928979
31/03/2020,20,20.780537,19.7111,20.045616,20.045616,3495761
01/04/2020,19.133301,19.695894,18.504814,18.702484,18.702484,4866207
02/04/2020,18.540295,19.285353,18.332489,18.824125,18.824125,3894307
03/04/2020,18.737963,19.09782,18.008108,18.469336,18.469336,4084899
06/04/2020,19.498226,19.837811,19.214394,19.721237,19.721237,6457629
07/04/2020,20.233147,20.669031,19.336037,19.447542,19.447542,7205396
08/04/2020,19.665483,20.623417,19.564116,20.466295,20.466295,6720038
09/04/2020,21.120123,21.667511,20.851496,21.064369,21.064369,8348158
13/04/2020,20.608212,20.942726,20.233147,20.506842,20.506842,3434006
14/04/2020,20.876837,21.464773,20.679169,20.952864,20.952864,5004120
15/04/2020,20.2889,20.709579,20.070957,20.501774,20.501774,4119427
16/04/2020,20.648758,20.876837,20.207806,20.831221,20.831221,3042169
17/04/2020,21.363405,21.424227,20.780537,21.039026,21.039026,6397453
20/04/2020,20.44602,21.165737,20.349722,20.760263,20.760263,4069510
21/04/2020,20.238216,20.349722,18.854536,18.955906,18.955906,7012437
22/04/2020,19.412064,19.868221,19.204256,19.640142,19.640142,7617950
23/04/2020,19.873289,20.162189,19.614799,19.721237,19.721237,2845855
24/04/2020,19.934111,20.263557,19.513432,20.116573,20.116573,3493788
27/04/2020,20.35479,20.582869,20.278763,20.369995,20.369995,3014349
28/04/2020,20.775469,20.963001,20.375063,20.699442,20.699442,5056996
29/04/2020,21.054232,22.133806,20.983274,21.991892,21.991892,6579363
30/04/2020,21.794222,22.012163,21.459705,21.6371,21.6371,3432231
01/05/2020,21.079575,21.28231,20.162189,20.273695,20.273695,3702926
04/05/2020,20.106438,20.562595,19.660416,20.552458,20.552458,2514589
05/05/2020,20.780537,21.115053,20.349722,20.369995,20.369995,2149781
06/05/2020,20.577801,20.846428,20.380133,20.522049,20.522049,2265201
07/05/2020,20.810947,21.201216,20.709579,21.160669,21.160669,2209365
08/05/2020,21.490116,22.199696,21.419159,22.123671,22.123671,4143695
11/05/2020,21.926001,22.18449,21.556005,21.981754,21.981754,3142200
12/05/2020,22.067917,22.194628,21.414089,21.414089,21.414089,4281805
13/05/2020,21.464773,21.64217,20.45109,20.795744,20.795744,4291472
14/05/2020,20.35479,21.236694,19.918905,21.216421,21.216421,3262750
15/05/2020,20.861631,21.419159,20.562595,21.332994,21.332994,3069593
18/05/2020,21.728333,22.493664,21.566143,22.18956,22.18956,3665439
19/05/2020,22.09326,22.777496,22.09326,22.321339,22.321339,4253591
20/05/2020,22.513939,22.787634,22.179422,22.63558,22.63558,4144484
21/05/2020,22.650785,22.82818,22.067917,22.498734,22.498734,3477018
22/05/2020,21.99696,22.199696,21.231627,21.8297,21.8297,5418450
26/05/2020,22.696402,22.858591,22.498734,22.534212,22.534212,3831961
27/05/2020,22.807907,23.096807,22.138874,23.096807,23.096807,5659748
28/05/2020,22.944754,23.411049,22.929548,23.101875,23.101875,8541906
29/05/2020,24.835276,25.342119,24.328434,25.159655,25.159655,23420102
01/06/2020,24.956919,25.240749,24.47035,25.022808,25.022808,7528179
02/06/2020,25.038013,25.159655,24.642675,24.911303,24.911303,5828439
03/06/2020,25.088697,25.119108,24.688292,24.738976,24.738976,5198658
04/06/2020,24.551445,24.956919,24.404461,24.936646,24.936646,5245812
05/06/2020,25.058287,26.026356,25.058287,25.605677,25.605677,8202353
08/06/2020,25.848961,26.376078,25.747593,26.183477,26.183477,7115624
09/06/2020,26.001015,26.001015,25.286366,25.357325,25.357325,4731057
10/06/2020,25.377598,25.458693,24.815002,25.032946,25.032946,2883540
11/06/2020,24.323364,24.455145,23.542828,23.613787,23.613787,6145698
12/06/2020,24.515966,24.673086,23.360365,23.770906,23.770906,3785003
15/06/2020,23.213381,24.029396,23.122149,23.852001,23.852001,4336259
16/06/2020,24.591991,24.683224,23.887482,24.166245,24.166245,3159957
17/06/2020,24.211861,24.642675,24.059807,24.08515,24.08515,4104235
18/06/2020,23.943233,24.095285,23.684744,24.034466,24.034466,4487391
19/06/2020,24.500759,25.098833,24.358845,24.794729,24.794729,6059478
22/06/2020,24.637608,24.967054,24.247339,24.475418,24.475418,3595003
23/06/2020,24.749113,25.098833,24.500759,24.840345,24.840345,10216983
24/06/2020,27.800304,27.825645,26.208818,26.91333,26.91333,31476453
25/06/2020,26.573746,26.629498,25.737455,26.153067,26.153067,7400723
26/06/2020,25.955399,26.822098,25.747593,26.482513,26.482513,10050659
29/06/2020,26.695389,27.328941,26.264572,27.247847,27.247847,7782696
30/06/2020,27.278255,27.992905,27.07552,27.845921,27.845921,6045272
01/07/2020,27.90674,28.165232,27.404966,27.511404,27.511404,5496778
02/07/2020,27.957424,28.251394,27.227571,27.242777,27.242777,3671556
06/07/2020,27.62291,27.709072,27.247847,27.399899,27.399899,3368306
07/07/2020,27.17182,27.344147,26.801825,26.837303,26.837303,3580008
08/07/2020,26.958946,27.445515,26.81196,27.445515,27.445515,4085294
09/07/2020,27.572226,27.572226,26.862646,27.212366,27.212366,2747008
10/07/2020,27.116068,27.212366,26.822098,27.080587,27.080587,2285129
13/07/2020,27.116068,27.212366,26.229094,26.239229,26.239229,4150008
14/07/2020,26.026356,26.639635,25.889507,26.609224,26.609224,2630404
15/07/2020,26.705524,27.060314,26.436897,26.700457,26.700457,3846166
16/07/2020,29.7111,31.236694,29.675621,29.954384,29.954384,50015945
17/07/2020,29.782059,30.734921,29.366447,30.598074,30.598074,11194999
20/07/2020,30.562595,31.348202,30.501774,31.145464,31.145464,6124389
21/07/2020,31.272175,31.677649,30.942726,30.947796,30.947796,5450018
22/07/2020,31.08971,31.682716,31.013685,31.302586,31.302586,5695459
23/07/2020,31.302586,31.875317,30.876837,31.180943,31.180943,4228534
24/07/2020,30.73999,31.023823,30.527117,30.816015,30.816015,2538265
27/07/2020,30.841358,31.08971,30.63862,30.897112,30.897112,2799687
28/07/2020,30.734921,30.881907,30.020273,30.091232,30.091232,3281099
29/07/2020,30.121641,30.516979,30,30.253422,30.253422,3532459
30/07/2020,29.949316,30.157122,29.45261,29.984795,29.984795,3671161
31/07/2020,30.228079,30.369995,29.650278,30.324379,30.324379,3420985
03/08/2020,30.364927,30.83629,30.091232,30.653828,30.653828,3327070
04/08/2020,30.63862,30.745058,30.314241,30.572733,30.572733,3335159
05/08/2020,30.790674,31.003548,30.598074,30.719715,30.719715,2275856
06/08/2020,30.54232,31.039026,30.364927,30.892042,30.892042,3726208
07/08/2020,30.800812,30.871769,30.435884,30.816015,30.816015,2072834
10/08/2020,31.003548,31.454638,30.897112,31.338064,31.338064,3092086
11/08/2020,31.54587,32.02737,31.109985,31.19108,31.19108,4107589
12/08/2020,31.474911,31.571211,31.069437,31.338064,31.338064,1955046
13/08/2020,31.023823,31.231627,30.157122,30.187532,30.187532,5350381
14/08/2020,30.299038,30.587936,30.197668,30.364927,30.364927,2139719
17/08/2020,30.511911,30.760263,30.228079,30.253422,30.253422,1871588
18/08/2020,30.217941,30.593006,30.217941,30.420679,30.420679,1631276
19/08/2020,30.572733,30.755196,30.268625,30.334517,30.334517,3573103
20/08/2020,30.2889,30.390268,30.065889,30.238216,30.238216,1906510
21/08/2020,30.081095,30.755196,30.060822,30.64369,30.64369,4371182
24/08/2020,31.373543,31.525597,30.99848,31.201216,31.201216,2523467
25/08/2020,31.201216,31.373543,30.63862,30.734921,30.734921,2681110
26/08/2020,31.332994,31.561075,30.83629,31.490116,31.490116,4099499
27/08/2020,31.728333,32.022301,31.155602,31.64217,31.64217,7382966
28/08/2020,33.213383,34.272682,32.843388,33.558033,33.558033,17972452
31/08/2020,33.233654,34.145969,33.162697,33.492146,33.492146,5917619
01/09/2020,33.664471,33.877342,33.304611,33.63913,33.63913,4548357
02/09/2020,33.922958,34.774456,33.623924,34.703499,34.703499,4577755
03/09/2020,34.01926,34.298023,32.640648,33.218449,33.218449,4005387
04/09/2020,33.117081,33.552963,31.99696,32.767361,32.767361,4566114
08/09/2020,31.956411,33.238724,31.784084,32.513939,32.513939,5832188
09/09/2020,33.000507,34.151039,32.843388,33.877342,33.877342,6426653
10/09/2020,33.998985,34.120628,32.965027,33.167767,33.167767,3963757
11/09/2020,33.309681,33.83173,33.08667,33.649265,33.649265,3386852
14/09/2020,33.958439,34.353775,33.694881,33.882412,33.882412,4197755
15/09/2020,34.211861,34.53117,33.82159,34.009125,34.009125,2875450
16/09/2020,34.298023,34.749111,34.125698,34.145969,34.145969,4367433
17/09/2020,33.618855,34.287888,33.193108,33.735428,33.735428,4471213
18/09/2020,33.770908,34.039536,33.360367,33.63913,33.63913,21878202
21/09/2020,32.828178,33.208313,32.295998,33.198174,33.198174,4275294
22/09/2020,33.512417,33.618855,32.92955,33.608719,33.608719,2148794
23/09/2020,34.069942,34.130764,33.12215,33.253929,33.253929,4193414
24/09/2020,33.010643,33.43639,32.615307,33.132286,33.132286,3206322
25/09/2020,32.944756,33.380638,32.762291,33.309681,33.309681,2413768
28/09/2020,33.862141,34.282818,33.689812,34.115559,34.115559,3783622
29/09/2020,34.206791,34.713634,33.902687,34.668018,34.668018,2713467
30/09/2020,34.662949,34.911304,34.044601,34.308159,34.308159,3286229
01/10/2020,34.556515,34.72377,34.01926,34.232136,34.232136,2183716
02/10/2020,33.395844,34.277748,33.309681,34.039536,34.039536,1975565
05/10/2020,34.409531,34.622402,34.110493,34.571716,34.571716,4981036
06/10/2020,34.510899,34.911304,34.059807,34.201721,34.201721,3792698
07/10/2020,34.622402,34.647743,33.993919,34.166245,34.166245,4220050
08/10/2020,34.211861,35.08363,34.18145,34.799797,34.799797,4895013
09/10/2020,35.017738,35.195133,34.637608,34.662949,34.662949,2297559
12/10/2020,34.794727,35.230614,34.7187,35.098835,35.098835,1562221
13/10/2020,35.478966,36.006081,35.250889,35.737457,35.737457,3167454
14/10/2020,35.859097,36.213886,35.62088,35.808414,35.808414,2077372
15/10/2020,35.240749,35.681702,34.896095,35.499241,35.499241,2558192
16/10/2020,35.894577,36.092243,35.539787,35.554993,35.554993,2992055
19/10/2020,35.681702,35.940193,35.088696,35.225544,35.225544,2087631
20/10/2020,35.544857,35.676636,35.159657,35.179928,35.179928,1474620
21/10/2020,35.337051,35.762798,35.154587,35.392803,35.392803,3767641
22/10/2020,35.691841,35.691841,34.353775,34.860619,34.860619,2001214
23/10/2020,34.840343,34.901165,34.384186,34.556515,34.556515,2602979
26/10/2020,34.135834,34.206791,32.407501,32.812977,32.812977,3910486
27/10/2020,32.843388,32.939686,32.17942,32.219971,32.219971,1867642
28/10/2020,31.444502,31.647238,30.750128,30.765331,30.765331,3457485
29/10/2020,30.658895,30.93259,30.319311,30.674101,30.674101,3550216
30/10/2020,30.633553,30.851496,29.842878,30.54232,30.54232,3561265
02/11/2020,31.013685,31.150532,30.440952,30.557528,30.557528,2206603
03/11/2020,30.952864,31.865179,30.922453,31.297516,31.297516,1673893
04/11/2020,31.662443,31.956411,31.08971,31.5408,31.5408,3366135
05/11/2020,32.032436,32.742016,31.931068,32.6964,32.6964,3003301
06/11/2020,32.802837,32.883934,32.133804,32.73695,32.73695,1501650
09/11/2020,33.416119,33.47694,32.53421,32.559555,32.559555,2973508
10/11/2020,32.508869,33.041054,32.067917,32.747086,32.747086,3444266
11/11/2020,33.0816,33.0816,32.473392,32.883934,32.883934,1970830
12/11/2020,32.868729,33.162697,32.407501,32.650787,32.650787,2410809
13/11/2020,32.92448,33.547897,32.828178,33.507347,33.507347,2973903
16/11/2020,33.720222,34.21693,33.253929,34.135834,34.135834,2832636
17/11/2020,33.877342,34.56665,33.735428,34.394321,34.394321,1966094
18/11/2020,34.693359,34.855549,34.18145,34.262543,34.262543,2527413
19/11/2020,34.191586,34.830208,33.811455,34.7187,34.7187,4564141
20/11/2020,34.815002,35.068424,34.617332,34.637608,34.637608,2840331
23/11/2020,34.769386,35.397869,34.738976,35.164722,35.164722,2931286
24/11/2020,35.478966,35.732388,35.174862,35.646225,35.646225,5787006
25/11/2020,35.392803,35.46883,34.085152,35.149517,35.149517,8768407
27/11/2020,35.154587,35.590469,34.987328,35.387733,35.387733,2779365
30/11/2020,35.600609,35.691841,34.470348,34.987328,34.987328,4739935
01/12/2020,35.402939,35.869236,35.002533,35.742523,35.742523,6792842
02/12/2020,35.78307,36.036491,35.311707,35.742523,35.742523,4693964
03/12/2020,35.894577,36.244297,35.524582,35.940193,35.940193,4426623
04/12/2020,36.006081,36.634567,35.808414,36.543335,36.543335,5061337
07/12/2020,36.609226,36.817032,35.458691,35.671566,35.671566,6222645
08/12/2020,35.641155,36.452103,35.549923,36.426762,36.426762,3625585
09/12/2020,36.56361,36.984287,35.990875,36.254436,36.254436,4662396
10/12/2020,35.960464,36.614292,35.636086,36.573746,36.573746,4902116
11/12/2020,36.345665,36.766346,36.061836,36.310188,36.310188,2887091
14/12/2020,36.492653,36.984287,36.452103,36.710594,36.710594,4259312
15/12/2020,37.161682,37.445515,36.685249,37.374557,37.374557,3963362
16/12/2020,37.480991,37.65332,37.328941,37.440445,37.440445,3201982
17/12/2020,37.592499,37.921947,37.572224,37.866196,37.866196,3632490
18/12/2020,38.01318,38.210846,36.685249,36.958946,36.958946,9961677
21/12/2020,36.654839,37.171822,36.001015,37.029903,37.029903,3446042
22/12/2020,37.354282,37.440445,36.771416,36.862644,36.862644,2565492
23/12/2020,36.948811,37.430309,36.690319,37.202229,37.202229,3252096
24/12/2020,37.384693,37.450584,36.872784,36.994427,36.994427,3294318
28/12/2020,37.278255,37.379623,36.71566,36.923466,36.923466,6292884
29/12/2020,36.969082,37.364422,36.163204,36.239231,36.239231,8200972
30/12/2020,36.33046,37.024834,36.249367,36.746071,36.746071,8683962
31/12/2020,36.852509,37.187023,36.477448,37.146477,37.146477,2456188
04/01/2021,37.450584,37.450584,36.335529,36.741005,36.741005,6927203
05/01/2021,36.441967,37.496201,36.239231,37.232639,37.232639,4051555
06/01/2021,37.161682,38.129753,36.953876,37.541813,37.541813,5155844
07/01/2021,38.01318,38.697414,37.774963,38.692348,38.692348,4542635
08/01/2021,38.824127,39.234669,38.393311,39.138367,39.138367,5304213
11/01/2021,38.656868,38.945766,38.332489,38.332489,38.332489,2937402
12/01/2021,38.449062,38.90522,38.307144,38.90015,38.90015,2739511
13/01/2021,37.886467,38.00304,35.570198,36.102383,36.102383,15098974
14/01/2021,36.137859,37.430309,36.117588,37.126205,37.126205,8655156
15/01/2021,37.07552,37.962494,36.933605,37.638115,37.638115,6529052
19/01/2021,37.795235,38.028381,37.658386,37.942219,37.942219,4898170
20/01/2021,38.489609,39.118095,37.97263,39.052204,39.052204,6958771
21/01/2021,39.310696,39.391788,38.469337,38.976177,38.976177,4772095
22/01/2021,38.423721,38.611252,38.028381,38.489609,38.489609,2249417
25/01/2021,38.692348,38.71262,37.257984,38.35783,38.35783,2686437
26/01/2021,38.52002,38.768372,37.987835,38.540295,38.540295,2520508
27/01/2021,37.81551,38.388241,37.10593,37.435379,37.435379,5637650
28/01/2021,37.42524,38.109478,36.938671,37.46579,37.46579,5227858
29/01/2021,37.222504,37.800304,36.680183,36.943741,36.943741,3720683
01/02/2021,37.328941,37.871262,36.847439,37.480991,37.480991,3231379
02/02/2021,39.016727,39.396858,38.732895,39.113026,39.113026,8058324
03/02/2021,38.90015,39.700962,38.90015,39.406994,39.406994,2721754
04/02/2021,39.619869,40.212875,39.559048,40.19767,40.19767,2943321
05/02/2021,40.293968,40.587936,40.136848,40.34972,40.34972,3535616
08/02/2021,40.54739,40.907249,40.293968,40.516979,40.516979,9876049
09/02/2021,40.1926,40.511909,39.939178,40.339584,40.339584,8452332
10/02/2021,40.461227,40.54739,39.746578,40.334515,40.334515,9603578
11/02/2021,40.466293,40.608212,39.45768,40.293968,40.293968,3077091
12/02/2021,40.314243,40.577801,39.96452,40.572731,40.572731,3497340
16/02/2021,40.937656,41.008617,39.771919,40.263557,40.263557,6170952
17/02/2021,39.959454,40.532185,39.84288,40.172325,40.172325,3593819
18/02/2021,39.898632,40.816017,39.619869,40.39027,40.39027,3027174
19/02/2021,40.881905,41.216423,40.567661,40.937656,40.937656,3269853
22/02/2021,40.886974,41.550938,40.314243,40.937656,40.937656,5745968
23/02/2021,40.54739,40.993412,39.042068,40.831223,40.831223,5043975
24/02/2021,40.947796,41.520527,40.755196,41.403954,41.403954,3969676
25/02/2021,41.054234,41.358337,40.025341,40.385201,40.385201,5594047
26/02/2021,40.892044,42.164219,40.54739,41.08971,41.08971,6943776
01/03/2021,41.09478,42.290928,41.09478,42.113533,42.113533,4621753
02/03/2021,42.067917,42.356815,41.63203,41.920933,41.920933,2937205
03/03/2021,42.108463,42.660923,41.83477,42.372021,42.372021,5848564
04/03/2021,42.280792,42.777496,41.277245,41.966549,41.966549,5422791
05/03/2021,42.508869,43.431324,42.255447,43.258995,43.258995,6930557
08/03/2021,43.547897,43.938164,43.051189,43.137356,43.137356,6884981
09/03/2021,43.63406,44.53117,43.588444,43.836796,43.836796,4318897
10/03/2021,44.059807,44.657883,43.968575,44.439938,44.439938,4408866
11/03/2021,44.602131,45.347187,44.602131,44.91637,44.91637,7447286
12/03/2021,44.865688,45.027878,44.429802,45.017738,45.017738,2858088
15/03/2021,44.977192,45.27116,44.713634,45.261024,45.261024,5621472
16/03/2021,45.362392,45.509377,44.73391,45.149517,45.149517,5880329
17/03/2021,44.997467,46.381145,44.668018,46.264572,46.264572,6162468
18/03/2021,45.848961,45.848961,44.627472,44.657883,44.657883,6201731
19/03/2021,44.460213,44.987328,44.37405,44.414597,44.414597,7791772
22/03/2021,44.313229,44.744045,44.059807,44.272682,44.272682,6212385
23/03/2021,44.135834,44.576786,42.985302,43.461735,43.461735,5250745
24/03/2021,43.755703,44.298023,43.507347,43.765839,43.765839,5446269
25/03/2021,43.162697,44.044601,43.030918,43.583378,43.583378,3417039
26/03/2021,43.928028,45.108971,43.694881,45.103905,45.103905,5169063
29/03/2021,44.941711,45.428284,44.485554,44.708565,44.708565,4094567
30/03/2021,44.439938,45.134312,44.404461,44.901165,44.901165,4601036
31/03/2021,44.931576,45.108971,44.571716,44.678154,44.678154,3239271
01/04/2021,44.744045,45.27623,44.647743,45.149517,45.149517,3805720
05/04/2021,45.230614,45.524582,45.08363,45.291435,45.291435,5019707
06/04/2021,45.326912,45.600609,45.108971,45.352257,45.352257,4943154
07/04/2021,45.423214,46.837303,45.423214,46.381145,46.381145,5613974
08/04/2021,46.781551,47.07552,45.914848,46.923466,46.923466,6963309
09/04/2021,46.781551,47.648251,46.700455,47.582363,47.582363,4034193
12/04/2021,47.009628,47.663456,46.90826,47.364422,47.364422,4027090
13/04/2021,47.480991,47.480991,46.822098,46.898125,46.898125,3293332
14/04/2021,46.969082,47.394829,46.90826,46.984287,46.984287,5620682
15/04/2021,49.700962,51.307652,48.317284,50.136848,50.136848,26547702
16/04/2021,50.54739,51.784084,50.288898,51.403954,51.403954,11333504
19/04/2021,51.393818,52.610237,51.120121,52.417637,52.417637,7467805
20/04/2021,52.432842,52.468323,51.267105,51.434364,51.434364,5472510
21/04/2021,51.327927,51.860111,51.206284,51.398884,51.398884,4750787
22/04/2021,51.388748,51.702991,50.73999,50.93259,50.93259,3146540
23/04/2021,51.180943,51.591484,50.93259,51.398884,51.398884,5709862
26/04/2021,51.419159,51.561073,50.765331,50.876839,50.876839,5005304
27/04/2021,50.826153,51.358337,50.790672,51.044094,51.044094,3814598
28/04/2021,51.165737,51.165737,50.364925,50.39027,50.39027,1792668
29/04/2021,50.760265,51.059299,50.410542,50.684238,50.684238,2896167
30/04/2021,50.491638,50.54232,49.746578,49.837811,49.837811,2448888
03/05/2021,50.278763,50.435883,49.493156,49.559048,49.559048,5167682
04/05/2021,49.163712,49.270145,48.585911,48.920425,48.920425,4061618
05/05/2021,49.300556,50.03548,48.930565,49.873287,49.873287,4055107
06/05/2021,49.959454,50.598076,49.543842,50.567661,50.567661,3599936
07/05/2021,50.684238,51.545868,50.567661,51.221489,51.221489,4147641
10/05/2021,51.216423,51.317791,50.476433,50.522049,50.522049,3178306
11/05/2021,49.031933,49.731373,48.641663,49.579323,49.579323,7071824
12/05/2021,49.168777,49.412064,47.627979,47.688801,47.688801,4925595
13/05/2021,48.134819,49.138367,47.957424,48.859604,48.859604,2962854
14/05/2021,49.477951,49.939178,49.275215,49.888496,49.888496,1881058
17/05/2021,49.670551,50.101368,49.498226,49.868221,49.868221,2311567
18/05/2021,50.055752,50.1926,49.574253,49.746578,49.746578,1869220
19/05/2021,48.869743,49.45261,48.35276,49.062344,49.062344,3021847
20/05/2021,49.214394,50.223011,49.189053,49.979725,49.979725,2802055
21/05/2021,50.395336,50.532185,49.827675,49.908768,49.908768,2296769
24/05/2021,50.334515,51.018753,50.248352,50.755196,50.755196,3656364
25/05/2021,51.039028,51.160667,50.400406,50.435883,50.435883,4078783
26/05/2021,50.506844,50.912315,50.359859,50.511909,50.511909,3318586
27/05/2021,50.790672,50.917385,50.172325,50.532185,50.532185,6532208
28/05/2021,50.015205,50.54739,48.271667,49.99493,49.99493,6509124
01/06/2021,50.476433,52.194626,50.395336,52.128738,52.128738,8253256
02/06/2021,52.17942,52.372021,51.084644,51.084644,51.084644,4747433
03/06/2021,50.826153,51.677647,50.319309,51.525597,51.525597,5104151
04/06/2021,51.728333,52.493664,51.586418,52.473392,52.473392,4336851
07/06/2021,52.802837,52.914345,51.905727,52.123669,52.123669,2438431
08/06/2021,52.169285,52.797771,52.118603,52.665993,52.665993,2725305
09/06/2021,52.818043,52.899139,52.341614,52.691334,52.691334,2267372
10/06/2021,52.660923,53.025848,52.448048,52.605171,52.605171,3439925
11/06/2021,52.458187,52.767361,51.601624,52.701469,52.701469,3788949
14/06/2021,52.711609,52.823112,51.824635,52.072987,52.072987,3681223
15/06/2021,52.143944,52.361885,51.890522,52.133804,52.133804,2075201
16/06/2021,52.057781,52.412571,51.697922,52.078053,52.078053,3290767
17/06/2021,52.078053,52.078053,50.410542,50.506844,50.506844,5055813
18/06/2021,49.792194,50.101368,49.336037,49.959454,49.959454,5546695
21/06/2021,50.299038,50.765331,50.212875,50.684238,50.684238,3652418
22/06/2021,50.684238,50.684238,50.177395,50.562595,50.562595,2206998
23/06/2021,50.532185,50.603142,50.177395,50.288898,50.288898,2387133
24/06/2021,50.684238,50.684238,49.974659,50.217941,50.217941,7347452
25/06/2021,50.430817,50.58287,50.309174,50.430817,50.430817,9249424
28/06/2021,50.430817,50.785606,50.344654,50.557526,50.557526,7946652
29/06/2021,50.58287,51.849976,50.364925,51.79929,51.79929,8192291
30/06/2021,51.343132,51.530663,50.481499,50.516979,50.516979,5759582
01/07/2021,50.228081,50.39027,49.619869,50.020275,50.020275,5603123
02/07/2021,50.253422,50.532185,49.619869,50.364925,50.364925,4022750
06/07/2021,50.334515,50.785606,49.726303,49.858086,49.858086,3589084
07/07/2021,50.15712,50.719715,49.84288,50.425747,50.425747,3040985
08/07/2021,49.680691,50.527115,49.488091,50.177395,50.177395,3542916
09/07/2021,50.329449,51.120121,50.288898,50.810947,50.810947,5137100
12/07/2021,50.73999,50.73999,49.219463,49.229599,49.229599,4087069
13/07/2021,49.036999,49.052204,47.506336,47.521542,47.521542,6977514
14/07/2021,47.947289,48.570705,47.207298,47.339077,47.339077,5163538
15/07/2021,47.10593,47.501266,46.746071,47.46072,47.46072,5192147
16/07/2021,47.749619,47.795235,46.741005,46.776482,46.776482,3884442
19/07/2021,46.036491,47.27319,45.909782,47.07552,47.07552,4358160
20/07/2021,47.344147,48.626457,47.313736,48.337559,48.337559,4929541
21/07/2021,48.504814,49.011658,48.210846,48.763306,48.763306,3306156
22/07/2021,48.90015,48.971111,48.256462,48.626457,48.626457,2737538
23/07/2021,48.656868,49.011658,48.449062,48.935631,48.935631,2062574
26/07/2021,49.021793,49.209328,48.793716,48.890015,48.890015,2463488
27/07/2021,48.464268,48.849468,48.124683,48.707554,48.707554,1734859
28/07/2021,48.783577,48.960972,48.56057,48.601116,48.601116,1140591
29/07/2021,48.829193,49.118095,48.433857,49.057274,49.057274,1576822
30/07/2021,48.844398,49.300556,48.677139,48.971111,48.971111,1586884
02/08/2021,49.204258,49.229599,48.651798,48.803852,48.803852,2405876
03/08/2021,49.042068,50.081097,48.71769,49.888496,49.888496,3140424
04/08/2021,49.665485,49.721237,49.239735,49.361378,49.361378,1653571
05/08/2021,49.670551,49.974659,49.45768,49.84288,49.84288,1729137
06/08/2021,49.863152,50.086163,49.706032,49.944248,49.944248,1464163
09/08/2021,49.599594,50.055752,49.472885,49.923973,49.923973,2125710
10/08/2021,50.152054,50.263557,49.741508,49.883427,49.883427,1717102
11/08/2021,49.883427,50.927521,49.883427,50.871769,50.871769,2432906
12/08/2021,50.90218,51.08971,50.481499,50.942726,50.942726,2042450
13/08/2021,50.942726,51.104916,50.506844,50.699444,50.699444,2552076
16/08/2021,50.440952,50.613277,49.944248,50.506844,50.506844,1763073
17/08/2021,50.258492,50.309174,49.214394,49.579323,49.579323,2405087
18/08/2021,49.366447,49.721237,49.133301,49.143436,49.143436,1565970
19/08/2021,48.656868,49.138367,48.408516,48.768372,48.768372,2248431
20/08/2021,49.351242,50.146984,49.173847,49.923973,49.923973,3037828
23/08/2021,50.15712,50.917385,49.883427,50.745056,50.745056,3252885
24/08/2021,51.191078,51.338062,50.628487,51.059299,51.059299,4843912
25/08/2021,50.90218,51.915863,50.760265,51.728333,51.728333,3476426
26/08/2021,51.951344,52.042576,51.246834,51.469845,51.469845,4156322
27/08/2021,50.00507,51.424229,48.155094,49.138367,49.138367,10634075
30/08/2021,49.44754,50.207806,48.859604,49.746578,49.746578,5722687
31/08/2021,49.731373,49.898632,49.265079,49.396858,49.396858,4847858
01/09/2021,49.432339,49.655346,49.021793,49.036999,49.036999,3568170
02/09/2021,49.178913,49.584389,48.91029,49.199188,49.199188,4295616
03/09/2021,49.199188,49.665485,49.113026,49.234669,49.234669,5029966
07/09/2021,49.062344,49.265079,48.580841,48.661938,48.661938,5111648
08/09/2021,48.580841,48.773441,47.729347,48.094273,48.094273,3880891
09/09/2021,47.911808,49.062344,47.911808,48.849468,48.849468,3654391
10/09/2021,49.128231,49.254944,48.160164,48.271667,48.271667,4062407
13/09/2021,49.868221,50.380131,49.44754,50.121643,50.121643,11731655
14/09/2021,50.091232,50.126713,49.249874,49.386723,49.386723,5554982
15/09/2021,49.472885,51.059299,49.29549,50.907249,50.907249,5807131
16/09/2021,50.790672,51.490116,50.623417,51.393818,51.393818,5478035
17/09/2021,51.398884,51.768879,49.954384,50.952866,50.952866,8707836
20/09/2021,50.101368,51.743538,50.076027,51.125191,51.125191,8217150
21/09/2021,51.697922,51.79929,50.091232,50.34972,50.34972,5475667
22/09/2021,50.54739,50.633553,49.635075,50.314243,50.314243,5756425
23/09/2021,51.079575,53.335022,50.177395,52.047642,52.047642,11649184
24/09/2021,52.017235,52.762291,52.002026,52.650787,52.650787,6315968
27/09/2021,52.422707,53.264065,52.397366,53.152561,53.152561,4292853
28/09/2021,52.812977,53.563103,52.72681,53.365433,53.365433,4103643
29/09/2021,53.522552,53.857071,52.665993,53.411049,53.411049,4778211
30/09/2021,53.547897,53.649265,52.057781,52.73188,52.73188,4859104
01/10/2021,53.010643,53.852001,52.777496,53.613785,53.613785,3768825
04/10/2021,53.750633,54.014191,52.92448,53.340092,53.340092,4091805
05/10/2021,53.679676,53.953369,53.0816,53.689812,53.689812,3353114
06/10/2021,53.005573,53.573238,52.681194,53.47187,53.47187,3063674
07/10/2021,53.801319,54.475418,53.512417,54.257477,54.257477,4105024
08/10/2021,54.475418,54.688293,52.843388,53.248859,53.248859,5286654
11/10/2021,53.27927,53.862141,53.051189,53.319817,53.319817,2772065
12/10/2021,53.28434,53.487076,52.397366,52.584896,52.584896,3830579
13/10/2021,52.716675,53.041054,52.17942,52.549416,52.549416,5377017
14/10/2021,52.833248,53.948303,52.797771,53.725292,53.725292,3618679
15/10/2021,54.100353,54.72377,53.857071,54.591991,54.591991,3345024
18/10/2021,54.967056,55.595539,54.840343,55.068424,55.068424,5004909
19/10/2021,55.347187,56.234161,55.068424,56.163204,56.163204,7436829
20/10/2021,56.350735,56.751141,56.117588,56.578815,56.578815,7434461
21/10/2021,56.512924,57.526608,56.294983,57.26305,57.26305,7329695
22/10/2021,57.192093,58.1703,57.095795,58.053726,58.053726,5251140
25/10/2021,58.185505,58.286873,56.867714,56.91333,56.91333,13385424
26/10/2021,57.080589,57.197163,55.82362,55.859097,55.859097,5858824
27/10/2021,55.646225,55.854031,54.698429,54.936646,54.936646,7104576
28/10/2021,55.63102,55.970604,55.139381,55.793209,55.793209,6544638
29/10/2021,55.357323,56.690319,55.357323,55.747593,55.747593,8913619
01/11/2021,55.423214,56.548405,55.423214,56.517994,56.517994,6635002
02/11/2021,56.66,57.34,53.009998,54.610001,54.610001,18238300
03/11/2021,55.009998,55.34,54.27,55.200001,55.200001,9923000
04/11/2021,55.02,55.450001,53.759998,54.57,54.57,5980600
05/11/2021,54.810001,56.43,54.59,56.360001,56.360001,7624400
08/11/2021,56.369999,56.720001,55.27,55.529999,55.529999,4450600
09/11/2021,55.450001,56.279999,55.009998,56.080002,56.080002,3980100
10/11/2021,55.950001,57.18,55.919998,56.619999,56.619999,5205200
11/11/2021,56.73,57.18,55.98,56.189999,56.189999,3695300
12/11/2021,56.360001,56.580002,55.84,56,56,3945000
15/11/2021,56.470001,57.540001,56.279999,56.700001,56.700001,7123900
16/11/2021,56.75,57.119999,56.509998,56.700001,56.700001,6305700
17/11/2021,56.900002,57.200001,55.950001,56,56,3566600
18/11/2021,55.91,56.68,55.540001,55.900002,55.900002,5020300
19/11/2021,55.860001,56,54.970001,55.02,55.02,3828900
22/11/2021,55.330002,55.68,54.32,55.130001,55.130001,6228400
23/11/2021,54.970001,55.220001,54.200001,54.669998,54.669998,4646700
24/11/2021,55.349998,58,54.799999,57.299999,57.299999,13025100
26/11/2021,56.5,57.73,55.990002,56.18,56.18,3858600
29/11/2021,57.049999,57.869999,56.459999,57.57,57.57,5353600
30/11/2021,57.529999,57.849998,55.720001,56.470001,56.470001,9760600
01/12/2021,56.990002,57.25,55.580002,55.700001,55.700001,6301600
02/12/2021,55.5,57.27,55.5,57.150002,57.150002,6671100
03/12/2021,57.5,58.639999,57.43,58.48,58.48,8106900
06/12/2021,58.75,59.299999,58.139999,58.75,58.75,5165000
07/12/2021,59.25,59.490002,58.200001,58.91,58.91,4197500
08/12/2021,59,59,57.919998,58.400002,58.400002,3505900
09/12/2021,58.349998,58.580002,57.59,57.650002,57.650002,4445000
10/12/2021,57.66,58.07,57.110001,57.599998,57.599998,3037400
13/12/2021,57.150002,57.490002,55.66,55.720001,55.720001,3542400
14/12/2021,54.689999,55.16,54.259998,54.630001,54.630001,4771500
15/12/2021,55.040001,56.07,54.450001,56.040001,56.040001,3518100
16/12/2021,56.25,56.439999,54.950001,54.990002,54.990002,2863300
17/12/2021,54.919998,55.029999,54.060001,54.650002,54.650002,5387100
20/12/2021,54.009998,54.169998,53.080002,53.599998,53.599998,3697400
21/12/2021,54.32,55.48,53.939999,55.450001,55.450001,3567200
22/12/2021,55.32,55.75,54.84,55.369999,55.369999,3787400
23/12/2021,55.599998,56.25,55.43,55.880001,55.880001,2885900
27/12/2021,56.049999,56.779999,56.049999,56.599998,56.599998,2009400
28/12/2021,56.549999,57.34,56.549999,56.950001,56.950001,2353700
29/12/2021,57.009998,57.799999,56.990002,57.049999,57.049999,2207800
30/12/2021,57.009998,57.119999,56.459999,56.509998,56.509998,1581300
31/12/2021,56.43,56.68,56.16,56.169998,56.169998,1170400
03/01/2022,56.16,57.099998,56.150002,56.98,56.98,2906500
04/01/2022,57.25,59,57.25,58.490002,58.490002,5745700
05/01/2022,58.369999,59.5,57.869999,57.98,57.98,6049000
06/01/2022,57.98,58.700001,57.580002,58.040001,58.040001,3751300
07/01/2022,58.099998,58.470001,57.32,57.990002,57.990002,3512700
10/01/2022,59.169998,60.009998,58.610001,59.880001,59.880001,10511600
11/01/2022,60,60.68,59.73,60.25,60.25,7037500
